configuration,execution_order,family,instance,interval_splits,lower_bound,method,n,relative_gap,repeat,root_upper_bound,seconds,seed,status,theta_lp_evaluations,upper_bound
primary,second,dense_frontier,dense_frontier_n360_m6_g18_s11,3,9029.819580624486,compressed,360,6.369611754318379e-13,0,9029.819580630237,0.1865507080219686,11,tolerance,12,9029.819580630237
primary,first,dense_frontier,dense_frontier_n360_m6_g18_s11,3,9029.819580624486,compressed,360,6.369611754318379e-13,1,9029.819580630237,0.18770783301442862,11,tolerance,12,9029.819580630237
primary,second,dense_frontier,dense_frontier_n360_m6_g18_s11,3,9029.819580624486,compressed,360,6.369611754318379e-13,2,9029.819580630237,0.18632995802909136,11,tolerance,12,9029.819580630237
primary,first,dense_frontier,dense_frontier_n360_m6_g18_s11,3,9029.819580624486,compressed,360,6.369611754318379e-13,3,9029.819580630237,0.18527891591656953,11,tolerance,12,9029.819580630237
primary,second,dense_frontier,dense_frontier_n360_m6_g18_s11,3,9029.819580624486,compressed,360,6.369611754318379e-13,4,9029.819580630237,0.18618620792403817,11,tolerance,12,9029.819580630237
primary,first,dense_frontier,dense_frontier_n360_m6_g18_s11,4,9029.819580624486,clique,360,1.4100974788181105e-15,0,9038.334587804695,0.2724440830061212,11,tolerance,12,9029.819580624498
primary,second,dense_frontier,dense_frontier_n360_m6_g18_s11,4,9029.819580624486,clique,360,1.4100974788181105e-15,1,9038.334587804695,0.2889949580421671,11,tolerance,12,9029.819580624498
primary,first,dense_frontier,dense_frontier_n360_m6_g18_s11,4,9029.819580624486,clique,360,1.4100974788181105e-15,2,9038.334587804695,0.2709332079393789,11,tolerance,12,9029.819580624498
primary,second,dense_frontier,dense_frontier_n360_m6_g18_s11,4,9029.819580624486,clique,360,1.4100974788181105e-15,3,9038.334587804695,0.27419737505260855,11,tolerance,12,9029.819580624498
primary,first,dense_frontier,dense_frontier_n360_m6_g18_s11,4,9029.819580624486,clique,360,1.4100974788181105e-15,4,9038.334587804695,0.2793156250845641,11,tolerance,12,9029.819580624498
primary,first,dense_frontier,dense_frontier_n360_m6_g18_s12,3,9018.218983884999,compressed,360,2.884333205612636e-13,0,9018.2189838876,0.18666829098947346,12,tolerance,12,9018.2189838876
primary,second,dense_frontier,dense_frontier_n360_m6_g18_s12,3,9018.218983884999,compressed,360,2.884333205612636e-13,1,9018.2189838876,0.18656937510240823,12,tolerance,12,9018.2189838876
primary,first,dense_frontier,dense_frontier_n360_m6_g18_s12,3,9018.218983884999,compressed,360,2.884333205612636e-13,2,9018.2189838876,0.18524412508122623,12,tolerance,12,9018.2189838876
primary,second,dense_frontier,dense_frontier_n360_m6_g18_s12,3,9018.218983884999,compressed,360,2.884333205612636e-13,3,9018.2189838876,0.1863625830737874,12,tolerance,12,9018.2189838876
primary,first,dense_frontier,dense_frontier_n360_m6_g18_s12,3,9018.218983884999,compressed,360,2.884333205612636e-13,4,9018.2189838876,0.1871324999956414,12,tolerance,12,9018.2189838876
primary,second,dense_frontier,dense_frontier_n360_m6_g18_s12,4,9018.218983884999,clique,360,4.0340324554022882e-16,0,9026.788731911412,0.27354979200754315,12,tolerance,12,9018.218983885003
primary,first,dense_frontier,dense_frontier_n360_m6_g18_s12,4,9018.218983884999,clique,360,4.0340324554022882e-16,1,9026.788731911412,0.27220841601956636,12,tolerance,12,9018.218983885003
primary,second,dense_frontier,dense_frontier_n360_m6_g18_s12,4,9018.218983884999,clique,360,4.0340324554022882e-16,2,9026.788731911412,0.2721619160147384,12,tolerance,12,9018.218983885003
primary,first,dense_frontier,dense_frontier_n360_m6_g18_s12,4,9018.218983884999,clique,360,4.0340324554022882e-16,3,9026.788731911412,0.2711617919849232,12,tolerance,12,9018.218983885003
primary,second,dense_frontier,dense_frontier_n360_m6_g18_s12,4,9018.218983884999,clique,360,4.0340324554022882e-16,4,9026.788731911412,0.27241445798426867,12,tolerance,12,9018.218983885003
primary,second,dense_frontier,dense_frontier_n360_m6_g18_s13,3,9030.30290061496,compressed,360,2.4353094387755016e-13,0,9030.30290061716,0.18536579108331352,13,tolerance,12,9030.30290061716
primary,first,dense_frontier,dense_frontier_n360_m6_g18_s13,3,9030.30290061496,compressed,360,2.4353094387755016e-13,1,9030.30290061716,0.1864373330026865,13,tolerance,12,9030.30290061716
primary,second,dense_frontier,dense_frontier_n360_m6_g18_s13,3,9030.30290061496,compressed,360,2.4353094387755016e-13,2,9030.30290061716,0.18646941590122879,13,tolerance,12,9030.30290061716
primary,first,dense_frontier,dense_frontier_n360_m6_g18_s13,3,9030.30290061496,compressed,360,2.4353094387755016e-13,3,9030.30290061716,0.18517470790538937,13,tolerance,12,9030.30290061716
primary,second,dense_frontier,dense_frontier_n360_m6_g18_s13,3,9030.30290061496,compressed,360,2.4353094387755016e-13,4,9030.30290061716,0.1873647910542786,13,tolerance,12,9030.30290061716
primary,first,dense_frontier,dense_frontier_n360_m6_g18_s13,4,9030.30290061496,clique,360,3.0214757304906966e-15,0,9039.474023286311,0.269539708038792,13,tolerance,12,9030.302900614988
primary,second,dense_frontier,dense_frontier_n360_m6_g18_s13,4,9030.30290061496,clique,360,3.0214757304906966e-15,1,9039.474023286311,0.2704847500426695,13,tolerance,12,9030.302900614988
primary,first,dense_frontier,dense_frontier_n360_m6_g18_s13,4,9030.30290061496,clique,360,3.0214757304906966e-15,2,9039.474023286311,0.27004133397713304,13,tolerance,12,9030.302900614988
primary,second,dense_frontier,dense_frontier_n360_m6_g18_s13,4,9030.30290061496,clique,360,3.0214757304906966e-15,3,9039.474023286311,0.27053412492386997,13,tolerance,12,9030.302900614988
primary,first,dense_frontier,dense_frontier_n360_m6_g18_s13,4,9030.30290061496,clique,360,3.0214757304906966e-15,4,9039.474023286311,0.2698450410971418,13,tolerance,12,9030.302900614988
primary,first,dense_frontier,dense_frontier_n360_m6_g18_s14,3,9018.43915808205,compressed,360,4.033933969418053e-16,0,9018.439158082054,0.18499962496571243,14,tolerance,12,9018.439158082054
primary,second,dense_frontier,dense_frontier_n360_m6_g18_s14,3,9018.43915808205,compressed,360,4.033933969418053e-16,1,9018.439158082054,0.18632329197134823,14,tolerance,12,9018.439158082054
primary,first,dense_frontier,dense_frontier_n360_m6_g18_s14,3,9018.43915808205,compressed,360,4.033933969418053e-16,2,9018.439158082054,0.18712416605558246,14,tolerance,12,9018.439158082054
primary,second,dense_frontier,dense_frontier_n360_m6_g18_s14,3,9018.43915808205,compressed,360,4.033933969418053e-16,3,9018.439158082054,0.18563829199410975,14,tolerance,12,9018.439158082054
primary,first,dense_frontier,dense_frontier_n360_m6_g18_s14,3,9018.43915808205,compressed,360,4.033933969418053e-16,4,9018.439158082054,0.18411912501323968,14,tolerance,12,9018.439158082054
primary,second,dense_frontier,dense_frontier_n360_m6_g18_s14,4,9018.43915808205,clique,360,1.210180190825416e-15,0,9027.69631552296,0.27176712499931455,14,tolerance,12,9018.439158082061
primary,first,dense_frontier,dense_frontier_n360_m6_g18_s14,4,9018.43915808205,clique,360,1.210180190825416e-15,1,9027.69631552296,0.2728338340530172,14,tolerance,12,9018.439158082061
primary,second,dense_frontier,dense_frontier_n360_m6_g18_s14,4,9018.43915808205,clique,360,1.210180190825416e-15,2,9027.69631552296,0.27217316697351635,14,tolerance,12,9018.439158082061
primary,first,dense_frontier,dense_frontier_n360_m6_g18_s14,4,9018.43915808205,clique,360,1.210180190825416e-15,3,9027.69631552296,0.27294850000180304,14,tolerance,12,9018.439158082061
primary,second,dense_frontier,dense_frontier_n360_m6_g18_s14,4,9018.43915808205,clique,360,1.210180190825416e-15,4,9027.69631552296,0.27227195794694126,14,tolerance,12,9018.439158082061
primary,second,dense_frontier,dense_frontier_n360_m6_g18_s15,3,9041.10647767605,compressed,360,9.79800250903065e-14,0,9041.106477676936,0.18454200006090105,15,tolerance,12,9041.106477676936
primary,first,dense_frontier,dense_frontier_n360_m6_g18_s15,3,9041.10647767605,compressed,360,9.79800250903065e-14,1,9041.106477676936,0.184436333947815,15,tolerance,12,9041.106477676936
primary,second,dense_frontier,dense_frontier_n360_m6_g18_s15,3,9041.10647767605,compressed,360,9.79800250903065e-14,2,9041.106477676936,0.18459529196843505,15,tolerance,12,9041.106477676936
primary,first,dense_frontier,dense_frontier_n360_m6_g18_s15,3,9041.10647767605,compressed,360,9.79800250903065e-14,3,9041.106477676936,0.18506358400918543,15,tolerance,12,9041.106477676936
primary,second,dense_frontier,dense_frontier_n360_m6_g18_s15,3,9041.10647767605,compressed,360,9.79800250903065e-14,4,9041.106477676936,0.18734949990175664,15,tolerance,12,9041.106477676936
primary,first,dense_frontier,dense_frontier_n360_m6_g18_s15,4,9041.10647767605,clique,360,2.2131011827379293e-15,0,9050.225781487485,0.2745848329504952,15,tolerance,12,9041.10647767607
primary,second,dense_frontier,dense_frontier_n360_m6_g18_s15,4,9041.10647767605,clique,360,2.2131011827379293e-15,1,9050.225781487485,0.2745920830639079,15,tolerance,12,9041.10647767607
primary,first,dense_frontier,dense_frontier_n360_m6_g18_s15,4,9041.10647767605,clique,360,2.2131011827379293e-15,2,9050.225781487485,0.2745054999832064,15,tolerance,12,9041.10647767607
primary,second,dense_frontier,dense_frontier_n360_m6_g18_s15,4,9041.10647767605,clique,360,2.2131011827379293e-15,3,9050.225781487485,0.2748228330165148,15,tolerance,12,9041.10647767607
primary,first,dense_frontier,dense_frontier_n360_m6_g18_s15,4,9041.10647767605,clique,360,2.2131011827379293e-15,4,9050.225781487485,0.27369541698135436,15,tolerance,12,9041.10647767607
primary,second,dense_frontier,dense_frontier_n720_m6_g26_s11,3,18129.65381223386,compressed,720,1.400638552533471e-13,0,18129.6538122364,0.35570708301384,11,tolerance,12,18129.6538122364
primary,first,dense_frontier,dense_frontier_n720_m6_g26_s11,3,18129.65381223386,compressed,720,1.400638552533471e-13,1,18129.6538122364,0.35838758293539286,11,tolerance,12,18129.6538122364
primary,second,dense_frontier,dense_frontier_n720_m6_g26_s11,3,18129.65381223386,compressed,720,1.400638552533471e-13,2,18129.6538122364,0.35715112497564405,11,tolerance,12,18129.6538122364
primary,first,dense_frontier,dense_frontier_n720_m6_g26_s11,3,18129.65381223386,compressed,720,1.400638552533471e-13,3,18129.6538122364,0.3606996670132503,11,tolerance,12,18129.6538122364
primary,second,dense_frontier,dense_frontier_n720_m6_g26_s11,3,18129.65381223386,compressed,720,1.400638552533471e-13,4,18129.6538122364,0.35949816706124693,11,tolerance,12,18129.6538122364
primary,first,dense_frontier,dense_frontier_n720_m6_g26_s11,4,18129.65381223386,clique,720,4.414620079618389e-15,0,18141.25165573289,0.60367999994196,11,tolerance,12,18129.65381223394
primary,second,dense_frontier,dense_frontier_n720_m6_g26_s11,4,18129.65381223386,clique,720,4.414620079618389e-15,1,18141.25165573289,0.6040613329969347,11,tolerance,12,18129.65381223394
primary,first,dense_frontier,dense_frontier_n720_m6_g26_s11,4,18129.65381223386,clique,720,4.414620079618389e-15,2,18141.25165573289,0.6037840419448912,11,tolerance,12,18129.65381223394
primary,second,dense_frontier,dense_frontier_n720_m6_g26_s11,4,18129.65381223386,clique,720,4.414620079618389e-15,3,18141.25165573289,0.6059690420515835,11,tolerance,12,18129.65381223394
primary,first,dense_frontier,dense_frontier_n720_m6_g26_s11,4,18129.65381223386,clique,720,4.414620079618389e-15,4,18141.25165573289,0.6027542090741917,11,tolerance,12,18129.65381223394
primary,first,dense_frontier,dense_frontier_n720_m6_g26_s12,0,18108.55913444483,compressed,720,7.091710109948214e-14,0,18108.559134446114,0.09534100000746548,12,tolerance,3,18108.559134446114
primary,second,dense_frontier,dense_frontier_n720_m6_g26_s12,0,18108.55913444483,compressed,720,7.091710109948214e-14,1,18108.559134446114,0.0955846660071984,12,tolerance,3,18108.559134446114
primary,first,dense_frontier,dense_frontier_n720_m6_g26_s12,0,18108.55913444483,compressed,720,7.091710109948214e-14,2,18108.559134446114,0.09620499995071441,12,tolerance,3,18108.559134446114
primary,second,dense_frontier,dense_frontier_n720_m6_g26_s12,0,18108.55913444483,compressed,720,7.091710109948214e-14,3,18108.559134446114,0.09558900003321469,12,tolerance,3,18108.559134446114
primary,first,dense_frontier,dense_frontier_n720_m6_g26_s12,0,18108.55913444483,compressed,720,7.091710109948214e-14,4,18108.559134446114,0.09564379206858575,12,tolerance,3,18108.559134446114
primary,second,dense_frontier,dense_frontier_n720_m6_g26_s12,3,18108.55913444483,clique,720,5.02245758494916e-15,0,18120.245684641603,0.5597050829092041,12,tolerance,12,18108.55913444492
primary,first,dense_frontier,dense_frontier_n720_m6_g26_s12,3,18108.55913444483,clique,720,5.02245758494916e-15,1,18120.245684641603,0.5626683339942247,12,tolerance,12,18108.55913444492
primary,second,dense_frontier,dense_frontier_n720_m6_g26_s12,3,18108.55913444483,clique,720,5.02245758494916e-15,2,18120.245684641603,0.5566193329868838,12,tolerance,12,18108.55913444492
primary,first,dense_frontier,dense_frontier_n720_m6_g26_s12,3,18108.55913444483,clique,720,5.02245758494916e-15,3,18120.245684641603,0.5592882499331608,12,tolerance,12,18108.55913444492
primary,second,dense_frontier,dense_frontier_n720_m6_g26_s12,3,18108.55913444483,clique,720,5.02245758494916e-15,4,18120.245684641603,0.5578014169586822,12,tolerance,12,18108.55913444492
primary,second,dense_frontier,dense_frontier_n720_m6_g26_s13,0,18105.58203564732,compressed,720,2.815048032535269e-13,0,18105.582035652416,0.09509320801589638,13,tolerance,3,18105.582035652416
primary,first,dense_frontier,dense_frontier_n720_m6_g26_s13,0,18105.58203564732,compressed,720,2.815048032535269e-13,1,18105.582035652416,0.09606416593305767,13,tolerance,3,18105.582035652416
primary,second,dense_frontier,dense_frontier_n720_m6_g26_s13,0,18105.58203564732,compressed,720,2.815048032535269e-13,2,18105.582035652416,0.09559141693171114,13,tolerance,3,18105.582035652416
primary,first,dense_frontier,dense_frontier_n720_m6_g26_s13,0,18105.58203564732,compressed,720,2.815048032535269e-13,3,18105.582035652416,0.09620920906309038,13,tolerance,3,18105.582035652416
primary,second,dense_frontier,dense_frontier_n720_m6_g26_s13,0,18105.58203564732,compressed,720,2.815048032535269e-13,4,18105.582035652416,0.09674866602290422,13,tolerance,3,18105.582035652416
primary,first,dense_frontier,dense_frontier_n720_m6_g26_s13,4,18105.58203564732,clique,720,0.0,0,18117.54301419809,0.6059611670207232,13,exact,12,18105.58203564732
primary,second,dense_frontier,dense_frontier_n720_m6_g26_s13,4,18105.58203564732,clique,720,0.0,1,18117.54301419809,0.6053268329706043,13,exact,12,18105.58203564732
primary,first,dense_frontier,dense_frontier_n720_m6_g26_s13,4,18105.58203564732,clique,720,0.0,2,18117.54301419809,0.6041155410930514,13,exact,12,18105.58203564732
primary,second,dense_frontier,dense_frontier_n720_m6_g26_s13,4,18105.58203564732,clique,720,0.0,3,18117.54301419809,0.6052435409510508,13,exact,12,18105.58203564732
primary,first,dense_frontier,dense_frontier_n720_m6_g26_s13,4,18105.58203564732,clique,720,0.0,4,18117.54301419809,0.6054300830001011,13,exact,12,18105.58203564732
primary,first,dense_frontier,dense_frontier_n720_m6_g26_s14,0,18111.936336224946,compressed,720,1.5908178792865496e-13,0,18111.936336227827,0.09669516701251268,14,tolerance,3,18111.936336227827
primary,second,dense_frontier,dense_frontier_n720_m6_g26_s14,0,18111.936336224946,compressed,720,1.5908178792865496e-13,1,18111.936336227827,0.09572037495672703,14,tolerance,3,18111.936336227827
primary,first,dense_frontier,dense_frontier_n720_m6_g26_s14,0,18111.936336224946,compressed,720,1.5908178792865496e-13,2,18111.936336227827,0.09585141704883426,14,tolerance,3,18111.936336227827
primary,second,dense_frontier,dense_frontier_n720_m6_g26_s14,0,18111.936336224946,compressed,720,1.5908178792865496e-13,3,18111.936336227827,0.09531804209109396,14,tolerance,3,18111.936336227827
primary,first,dense_frontier,dense_frontier_n720_m6_g26_s14,0,18111.936336224946,compressed,720,1.5908178792865496e-13,4,18111.936336227827,0.0958889169851318,14,tolerance,3,18111.936336227827
primary,second,dense_frontier,dense_frontier_n720_m6_g26_s14,4,18111.936336224946,clique,720,0.0,0,18122.728441488915,0.6121452080551535,14,exact,12,18111.936336224946
primary,first,dense_frontier,dense_frontier_n720_m6_g26_s14,4,18111.936336224946,clique,720,0.0,1,18122.728441488915,0.6122862080810592,14,exact,12,18111.936336224946
primary,second,dense_frontier,dense_frontier_n720_m6_g26_s14,4,18111.936336224946,clique,720,0.0,2,18122.728441488915,0.6162412920966744,14,exact,12,18111.936336224946
primary,first,dense_frontier,dense_frontier_n720_m6_g26_s14,4,18111.936336224946,clique,720,0.0,3,18122.728441488915,0.6119759159628302,14,exact,12,18111.936336224946
primary,second,dense_frontier,dense_frontier_n720_m6_g26_s14,4,18111.936336224946,clique,720,0.0,4,18122.728441488915,0.6130131250247359,14,exact,12,18111.936336224946
primary,second,dense_frontier,dense_frontier_n720_m6_g26_s15,0,18112.492240243824,compressed,720,6.266665971514777e-14,0,18112.49224024496,0.09571316605433822,15,tolerance,3,18112.49224024496
primary,first,dense_frontier,dense_frontier_n720_m6_g26_s15,0,18112.492240243824,compressed,720,6.266665971514777e-14,1,18112.49224024496,0.09618445788510144,15,tolerance,3,18112.49224024496
primary,second,dense_frontier,dense_frontier_n720_m6_g26_s15,0,18112.492240243824,compressed,720,6.266665971514777e-14,2,18112.49224024496,0.09589983290061355,15,tolerance,3,18112.49224024496
primary,first,dense_frontier,dense_frontier_n720_m6_g26_s15,0,18112.492240243824,compressed,720,6.266665971514777e-14,3,18112.49224024496,0.09702908399049193,15,tolerance,3,18112.49224024496
primary,second,dense_frontier,dense_frontier_n720_m6_g26_s15,0,18112.492240243824,compressed,720,6.266665971514777e-14,4,18112.49224024496,0.0953224579570815,15,tolerance,3,18112.49224024496
primary,first,dense_frontier,dense_frontier_n720_m6_g26_s15,4,18112.492240243824,clique,720,0.0,0,18124.2966667945,0.6119184580165893,15,exact,12,18112.492240243824
primary,second,dense_frontier,dense_frontier_n720_m6_g26_s15,4,18112.492240243824,clique,720,0.0,1,18124.2966667945,0.6119694999651983,15,exact,12,18112.492240243824
primary,first,dense_frontier,dense_frontier_n720_m6_g26_s15,4,18112.492240243824,clique,720,0.0,2,18124.2966667945,0.6106413749512285,15,exact,12,18112.492240243824
primary,second,dense_frontier,dense_frontier_n720_m6_g26_s15,4,18112.492240243824,clique,720,0.0,3,18124.2966667945,0.6112910829251632,15,exact,12,18112.492240243824
primary,first,dense_frontier,dense_frontier_n720_m6_g26_s15,4,18112.492240243824,clique,720,0.0,4,18124.2966667945,0.6111626669298857,15,exact,12,18112.492240243824
primary,second,dense_frontier,dense_frontier_n1440_m6_g37_s11,0,36315.70585434533,compressed,1440,4.4879053490352935e-14,0,36315.70585434696,0.19304299994837493,11,tolerance,3,36315.70585434696
primary,first,dense_frontier,dense_frontier_n1440_m6_g37_s11,0,36315.70585434533,compressed,1440,4.4879053490352935e-14,1,36315.70585434696,0.19250699994154274,11,tolerance,3,36315.70585434696
primary,second,dense_frontier,dense_frontier_n1440_m6_g37_s11,0,36315.70585434533,compressed,1440,4.4879053490352935e-14,2,36315.70585434696,0.19390916696283966,11,tolerance,3,36315.70585434696
primary,first,dense_frontier,dense_frontier_n1440_m6_g37_s11,0,36315.70585434533,compressed,1440,4.4879053490352935e-14,3,36315.70585434696,0.19613987498451024,11,tolerance,3,36315.70585434696
primary,second,dense_frontier,dense_frontier_n1440_m6_g37_s11,0,36315.70585434533,compressed,1440,4.4879053490352935e-14,4,36315.70585434696,0.19119233393575996,11,tolerance,3,36315.70585434696
primary,first,dense_frontier,dense_frontier_n1440_m6_g37_s11,3,36315.70585434533,clique,1440,0.0,0,36328.12668453343,1.259742166963406,11,exact,12,36315.70585434533
primary,second,dense_frontier,dense_frontier_n1440_m6_g37_s11,3,36315.70585434533,clique,1440,0.0,1,36328.12668453343,1.2841439589392394,11,exact,12,36315.70585434533
primary,first,dense_frontier,dense_frontier_n1440_m6_g37_s11,3,36315.70585434533,clique,1440,0.0,2,36328.12668453343,1.283390957978554,11,exact,12,36315.70585434533
primary,second,dense_frontier,dense_frontier_n1440_m6_g37_s11,3,36315.70585434533,clique,1440,0.0,3,36328.12668453343,1.284010082948953,11,exact,12,36315.70585434533
primary,first,dense_frontier,dense_frontier_n1440_m6_g37_s11,3,36315.70585434533,clique,1440,0.0,4,36328.12668453343,1.2814264169428498,11,exact,12,36315.70585434533
primary,first,dense_frontier,dense_frontier_n1440_m6_g37_s12,0,36290.427706771705,compressed,1440,3.889553985301186e-14,0,36290.42770677312,0.19110420905053616,12,tolerance,3,36290.42770677312
primary,second,dense_frontier,dense_frontier_n1440_m6_g37_s12,0,36290.427706771705,compressed,1440,3.889553985301186e-14,1,36290.42770677312,0.23164983303286135,12,tolerance,3,36290.42770677312
primary,first,dense_frontier,dense_frontier_n1440_m6_g37_s12,0,36290.427706771705,compressed,1440,3.889553985301186e-14,2,36290.42770677312,0.19159862492233515,12,tolerance,3,36290.42770677312
primary,second,dense_frontier,dense_frontier_n1440_m6_g37_s12,0,36290.427706771705,compressed,1440,3.889553985301186e-14,3,36290.42770677312,0.19925820792559534,12,tolerance,3,36290.42770677312
primary,first,dense_frontier,dense_frontier_n1440_m6_g37_s12,0,36290.427706771705,compressed,1440,3.889553985301186e-14,4,36290.42770677312,0.1952782500302419,12,tolerance,3,36290.42770677312
primary,second,dense_frontier,dense_frontier_n1440_m6_g37_s12,3,36290.427706771705,clique,1440,0.0,0,36303.32149244875,1.2953884169692174,12,exact,12,36290.427706771705
primary,first,dense_frontier,dense_frontier_n1440_m6_g37_s12,3,36290.427706771705,clique,1440,0.0,1,36303.32149244875,1.3552255829563364,12,exact,12,36290.427706771705
primary,second,dense_frontier,dense_frontier_n1440_m6_g37_s12,3,36290.427706771705,clique,1440,0.0,2,36303.32149244875,1.3126432499848306,12,exact,12,36290.427706771705
primary,first,dense_frontier,dense_frontier_n1440_m6_g37_s12,3,36290.427706771705,clique,1440,0.0,3,36303.32149244875,1.378692791913636,12,exact,12,36290.427706771705
primary,second,dense_frontier,dense_frontier_n1440_m6_g37_s12,3,36290.427706771705,clique,1440,0.0,4,36303.32149244875,1.3481634170748293,12,exact,12,36290.427706771705
primary,second,dense_frontier,dense_frontier_n1440_m6_g37_s13,0,36305.75640739184,compressed,1440,4.509176023827339e-14,0,36305.75640739348,0.20134816702920943,13,tolerance,3,36305.75640739348
primary,first,dense_frontier,dense_frontier_n1440_m6_g37_s13,0,36305.75640739184,compressed,1440,4.509176023827339e-14,1,36305.75640739348,0.19849141698796302,13,tolerance,3,36305.75640739348
primary,second,dense_frontier,dense_frontier_n1440_m6_g37_s13,0,36305.75640739184,compressed,1440,4.509176023827339e-14,2,36305.75640739348,0.18963954190257937,13,tolerance,3,36305.75640739348
primary,first,dense_frontier,dense_frontier_n1440_m6_g37_s13,0,36305.75640739184,compressed,1440,4.509176023827339e-14,3,36305.75640739348,0.1909817080013454,13,tolerance,3,36305.75640739348
primary,second,dense_frontier,dense_frontier_n1440_m6_g37_s13,0,36305.75640739184,compressed,1440,4.509176023827339e-14,4,36305.75640739348,0.2083271249430254,13,tolerance,3,36305.75640739348
primary,first,dense_frontier,dense_frontier_n1440_m6_g37_s13,3,36305.75640739184,clique,1440,0.0,0,36319.33418526041,1.3936676669400185,13,exact,12,36305.75640739184
primary,second,dense_frontier,dense_frontier_n1440_m6_g37_s13,3,36305.75640739184,clique,1440,0.0,1,36319.33418526041,1.3130664579803124,13,exact,12,36305.75640739184
primary,first,dense_frontier,dense_frontier_n1440_m6_g37_s13,3,36305.75640739184,clique,1440,0.0,2,36319.33418526041,1.287664792034775,13,exact,12,36305.75640739184
primary,second,dense_frontier,dense_frontier_n1440_m6_g37_s13,3,36305.75640739184,clique,1440,0.0,3,36319.33418526041,1.28950279194396,13,exact,12,36305.75640739184
primary,first,dense_frontier,dense_frontier_n1440_m6_g37_s13,3,36305.75640739184,clique,1440,0.0,4,36319.33418526041,1.3088187499670312,13,exact,12,36305.75640739184
primary,first,dense_frontier,dense_frontier_n1440_m6_g37_s14,0,36307.43423804393,compressed,1440,6.553032980074779e-14,0,36307.434238046306,0.1910237920237705,14,tolerance,3,36307.434238046306
primary,second,dense_frontier,dense_frontier_n1440_m6_g37_s14,0,36307.43423804393,compressed,1440,6.553032980074779e-14,1,36307.434238046306,0.19397787493653595,14,tolerance,3,36307.434238046306
primary,first,dense_frontier,dense_frontier_n1440_m6_g37_s14,0,36307.43423804393,compressed,1440,6.553032980074779e-14,2,36307.434238046306,0.19233237497974187,14,tolerance,3,36307.434238046306
primary,second,dense_frontier,dense_frontier_n1440_m6_g37_s14,0,36307.43423804393,compressed,1440,6.553032980074779e-14,3,36307.434238046306,0.19002316694241017,14,tolerance,3,36307.434238046306
primary,first,dense_frontier,dense_frontier_n1440_m6_g37_s14,0,36307.43423804393,compressed,1440,6.553032980074779e-14,4,36307.434238046306,0.19003625004552305,14,tolerance,3,36307.434238046306
primary,second,dense_frontier,dense_frontier_n1440_m6_g37_s14,3,36307.43423804393,clique,1440,0.0,0,36322.0347444215,1.3244774170452729,14,exact,12,36307.43423804393
primary,first,dense_frontier,dense_frontier_n1440_m6_g37_s14,3,36307.43423804393,clique,1440,0.0,1,36322.0347444215,1.336418041959405,14,exact,12,36307.43423804393
primary,second,dense_frontier,dense_frontier_n1440_m6_g37_s14,3,36307.43423804393,clique,1440,0.0,2,36322.0347444215,1.2889954999554902,14,exact,12,36307.43423804393
primary,first,dense_frontier,dense_frontier_n1440_m6_g37_s14,3,36307.43423804393,clique,1440,0.0,3,36322.0347444215,1.2831099589820951,14,exact,12,36307.43423804393
primary,second,dense_frontier,dense_frontier_n1440_m6_g37_s14,3,36307.43423804393,clique,1440,0.0,4,36322.0347444215,1.4509712499566376,14,exact,12,36307.43423804393
primary,second,dense_frontier,dense_frontier_n1440_m6_g37_s15,0,36294.86150541629,compressed,1440,5.292354703868412e-14,0,36294.86150541821,0.19239416695199907,15,tolerance,3,36294.86150541821
primary,first,dense_frontier,dense_frontier_n1440_m6_g37_s15,0,36294.86150541629,compressed,1440,5.292354703868412e-14,1,36294.86150541821,0.1907061249949038,15,tolerance,3,36294.86150541821
primary,second,dense_frontier,dense_frontier_n1440_m6_g37_s15,0,36294.86150541629,compressed,1440,5.292354703868412e-14,2,36294.86150541821,0.1950895410263911,15,tolerance,3,36294.86150541821
primary,first,dense_frontier,dense_frontier_n1440_m6_g37_s15,0,36294.86150541629,compressed,1440,5.292354703868412e-14,3,36294.86150541821,0.19254854205064476,15,tolerance,3,36294.86150541821
primary,second,dense_frontier,dense_frontier_n1440_m6_g37_s15,0,36294.86150541629,compressed,1440,5.292354703868412e-14,4,36294.86150541821,0.1994049169588834,15,tolerance,3,36294.86150541821
primary,first,dense_frontier,dense_frontier_n1440_m6_g37_s15,3,36294.86150541629,clique,1440,0.0,0,36306.77013498562,1.3811478749848902,15,exact,12,36294.86150541629
primary,second,dense_frontier,dense_frontier_n1440_m6_g37_s15,3,36294.86150541629,clique,1440,0.0,1,36306.77013498562,1.3247325830161572,15,exact,12,36294.86150541629
primary,first,dense_frontier,dense_frontier_n1440_m6_g37_s15,3,36294.86150541629,clique,1440,0.0,2,36306.77013498562,1.368512541987002,15,exact,12,36294.86150541629
primary,second,dense_frontier,dense_frontier_n1440_m6_g37_s15,3,36294.86150541629,clique,1440,0.0,3,36306.77013498562,1.325305833015591,15,exact,12,36294.86150541629
primary,first,dense_frontier,dense_frontier_n1440_m6_g37_s15,3,36294.86150541629,clique,1440,0.0,4,36306.77013498562,1.4967315420508385,15,exact,12,36294.86150541629
primary,second,correlated_risk,correlated_risk_n360_m6_g18_s11,3,7739.706623944929,compressed,360,6.463062623427286e-15,0,7744.295517059702,0.18287429097108543,11,tolerance,12,7739.706623944979
primary,first,correlated_risk,correlated_risk_n360_m6_g18_s11,3,7739.706623944929,compressed,360,6.463062623427286e-15,1,7744.295517059702,0.19768824998755008,11,tolerance,12,7739.706623944979
primary,second,correlated_risk,correlated_risk_n360_m6_g18_s11,3,7739.706623944929,compressed,360,6.463062623427286e-15,2,7744.295517059702,0.18564454093575478,11,tolerance,12,7739.706623944979
primary,first,correlated_risk,correlated_risk_n360_m6_g18_s11,3,7739.706623944929,compressed,360,6.463062623427286e-15,3,7744.295517059702,0.18154087499715388,11,tolerance,12,7739.706623944979
primary,second,correlated_risk,correlated_risk_n360_m6_g18_s11,3,7739.706623944929,compressed,360,6.463062623427286e-15,4,7744.295517059702,0.17850416607689112,11,tolerance,12,7739.706623944979
primary,first,correlated_risk,correlated_risk_n360_m6_g18_s11,5,7739.706623944929,clique,360,3.1727761969552132e-15,0,7784.408190498957,0.40023954201024026,11,tolerance,13,7739.706623944953
primary,second,correlated_risk,correlated_risk_n360_m6_g18_s11,5,7739.706623944929,clique,360,3.1727761969552132e-15,1,7784.408190498957,0.41067754197865725,11,tolerance,13,7739.706623944953
primary,first,correlated_risk,correlated_risk_n360_m6_g18_s11,5,7739.706623944929,clique,360,3.1727761969552132e-15,2,7784.408190498957,0.4011541670188308,11,tolerance,13,7739.706623944953
primary,second,correlated_risk,correlated_risk_n360_m6_g18_s11,5,7739.706623944929,clique,360,3.1727761969552132e-15,3,7784.408190498957,0.399664125056006,11,tolerance,13,7739.706623944953
primary,first,correlated_risk,correlated_risk_n360_m6_g18_s11,5,7739.706623944929,clique,360,3.1727761969552132e-15,4,7784.408190498957,0.38285175000783056,11,tolerance,13,7739.706623944953
primary,first,correlated_risk,correlated_risk_n360_m6_g18_s12,3,7737.857656360629,compressed,360,1.0149432954938835e-12,0,7741.03220396096,0.17818479205016047,12,tolerance,12,7737.857656368483
primary,second,correlated_risk,correlated_risk_n360_m6_g18_s12,3,7737.857656360629,compressed,360,1.0149432954938835e-12,1,7741.03220396096,0.17730870808009058,12,tolerance,12,7737.857656368483
primary,first,correlated_risk,correlated_risk_n360_m6_g18_s12,3,7737.857656360629,compressed,360,1.0149432954938835e-12,2,7741.03220396096,0.17878016596660018,12,tolerance,12,7737.857656368483
primary,second,correlated_risk,correlated_risk_n360_m6_g18_s12,3,7737.857656360629,compressed,360,1.0149432954938835e-12,3,7741.03220396096,0.1781794159905985,12,tolerance,12,7737.857656368483
primary,first,correlated_risk,correlated_risk_n360_m6_g18_s12,3,7737.857656360629,compressed,360,1.0149432954938835e-12,4,7741.03220396096,0.17993220908101648,12,tolerance,12,7737.857656368483
primary,second,correlated_risk,correlated_risk_n360_m6_g18_s12,4,7737.857656360629,clique,360,2.4683044823823456e-15,0,7782.975939756527,0.3421129579655826,12,tolerance,12,7737.857656360648
primary,first,correlated_risk,correlated_risk_n360_m6_g18_s12,4,7737.857656360629,clique,360,2.4683044823823456e-15,1,7782.975939756527,0.3433022079989314,12,tolerance,12,7737.857656360648
primary,second,correlated_risk,correlated_risk_n360_m6_g18_s12,4,7737.857656360629,clique,360,2.4683044823823456e-15,2,7782.975939756527,0.3434280409710482,12,tolerance,12,7737.857656360648
primary,first,correlated_risk,correlated_risk_n360_m6_g18_s12,4,7737.857656360629,clique,360,2.4683044823823456e-15,3,7782.975939756527,0.34467345802113414,12,tolerance,12,7737.857656360648
primary,second,correlated_risk,correlated_risk_n360_m6_g18_s12,4,7737.857656360629,clique,360,2.4683044823823456e-15,4,7782.975939756527,0.3442677090642974,12,tolerance,12,7737.857656360648
primary,second,correlated_risk,correlated_risk_n360_m6_g18_s13,3,7747.184268290152,compressed,360,1.9300035186134733e-13,0,7750.7799520440285,0.17747949995100498,13,tolerance,12,7747.184268291648
primary,first,correlated_risk,correlated_risk_n360_m6_g18_s13,3,7747.184268290152,compressed,360,1.9300035186134733e-13,1,7750.7799520440285,0.17850016593001783,13,tolerance,12,7747.184268291648
primary,second,correlated_risk,correlated_risk_n360_m6_g18_s13,3,7747.184268290152,compressed,360,1.9300035186134733e-13,2,7750.7799520440285,0.17913637508172542,13,tolerance,12,7747.184268291648
primary,first,correlated_risk,correlated_risk_n360_m6_g18_s13,3,7747.184268290152,compressed,360,1.9300035186134733e-13,3,7750.7799520440285,0.1774935000576079,13,tolerance,12,7747.184268291648
primary,second,correlated_risk,correlated_risk_n360_m6_g18_s13,3,7747.184268290152,compressed,360,1.9300035186134733e-13,4,7750.7799520440285,0.17862616700585932,13,tolerance,12,7747.184268291648
primary,first,correlated_risk,correlated_risk_n360_m6_g18_s13,5,7747.184268290152,clique,360,2.1131425386278902e-15,0,7790.992303805157,0.37477591703645885,13,tolerance,13,7747.184268290169
primary,second,correlated_risk,correlated_risk_n360_m6_g18_s13,5,7747.184268290152,clique,360,2.1131425386278902e-15,1,7790.992303805157,0.37332704197615385,13,tolerance,13,7747.184268290169
primary,first,correlated_risk,correlated_risk_n360_m6_g18_s13,5,7747.184268290152,clique,360,2.1131425386278902e-15,2,7790.992303805157,0.3732125830138102,13,tolerance,13,7747.184268290169
primary,second,correlated_risk,correlated_risk_n360_m6_g18_s13,5,7747.184268290152,clique,360,2.1131425386278902e-15,3,7790.992303805157,0.3753546249354258,13,tolerance,13,7747.184268290169
primary,first,correlated_risk,correlated_risk_n360_m6_g18_s13,5,7747.184268290152,clique,360,2.1131425386278902e-15,4,7790.992303805157,0.3715946660377085,13,tolerance,13,7747.184268290169
primary,first,correlated_risk,correlated_risk_n360_m6_g18_s14,3,7747.892514879525,compressed,360,1.5870597513266084e-13,0,7749.564499084763,0.17630095803178847,14,tolerance,12,7747.892514880755
primary,second,correlated_risk,correlated_risk_n360_m6_g18_s14,3,7747.892514879525,compressed,360,1.5870597513266084e-13,1,7749.564499084763,0.17749595793429762,14,tolerance,12,7747.892514880755
primary,first,correlated_risk,correlated_risk_n360_m6_g18_s14,3,7747.892514879525,compressed,360,1.5870597513266084e-13,2,7749.564499084763,0.17755520809441805,14,tolerance,12,7747.892514880755
primary,second,correlated_risk,correlated_risk_n360_m6_g18_s14,3,7747.892514879525,compressed,360,1.5870597513266084e-13,3,7749.564499084763,0.17746320797596127,14,tolerance,12,7747.892514880755
primary,first,correlated_risk,correlated_risk_n360_m6_g18_s14,3,7747.892514879525,compressed,360,1.5870597513266084e-13,4,7749.564499084763,0.17621474992483854,14,tolerance,12,7747.892514880755
primary,second,correlated_risk,correlated_risk_n360_m6_g18_s14,4,7747.892514879525,clique,360,0.0,0,7788.900311669207,0.3224327079951763,14,tolerance,12,7747.892514879525
primary,first,correlated_risk,correlated_risk_n360_m6_g18_s14,4,7747.892514879525,clique,360,0.0,1,7788.900311669207,0.32298083300702274,14,tolerance,12,7747.892514879525
primary,second,correlated_risk,correlated_risk_n360_m6_g18_s14,4,7747.892514879525,clique,360,0.0,2,7788.900311669207,0.3212279590079561,14,tolerance,12,7747.892514879525
primary,first,correlated_risk,correlated_risk_n360_m6_g18_s14,4,7747.892514879525,clique,360,0.0,3,7788.900311669207,0.3211940829642117,14,tolerance,12,7747.892514879525
primary,second,correlated_risk,correlated_risk_n360_m6_g18_s14,4,7747.892514879525,clique,360,0.0,4,7788.900311669207,0.31950583402067423,14,tolerance,12,7747.892514879525
primary,second,correlated_risk,correlated_risk_n360_m6_g18_s15,3,7742.889441050202,compressed,360,4.673810010986851e-13,0,7748.6525438326025,0.17890691698994488,15,tolerance,12,7742.8894410538205
primary,first,correlated_risk,correlated_risk_n360_m6_g18_s15,3,7742.889441050202,compressed,360,4.673810010986851e-13,1,7748.6525438326025,0.17858254199381918,15,tolerance,12,7742.8894410538205
primary,second,correlated_risk,correlated_risk_n360_m6_g18_s15,3,7742.889441050202,compressed,360,4.673810010986851e-13,2,7748.6525438326025,0.177350000012666,15,tolerance,12,7742.8894410538205
primary,first,correlated_risk,correlated_risk_n360_m6_g18_s15,3,7742.889441050202,compressed,360,4.673810010986851e-13,3,7748.6525438326025,0.17958679201547056,15,tolerance,12,7742.8894410538205
primary,second,correlated_risk,correlated_risk_n360_m6_g18_s15,3,7742.889441050202,compressed,360,4.673810010986851e-13,4,7748.6525438326025,0.17716687498614192,15,tolerance,12,7742.8894410538205
primary,first,correlated_risk,correlated_risk_n360_m6_g18_s15,4,7742.889441050202,clique,360,3.171471985339155e-15,0,7787.754999154451,0.3265151659725234,15,tolerance,12,7742.889441050226
primary,second,correlated_risk,correlated_risk_n360_m6_g18_s15,4,7742.889441050202,clique,360,3.171471985339155e-15,1,7787.754999154451,0.3254928340902552,15,tolerance,12,7742.889441050226
primary,first,correlated_risk,correlated_risk_n360_m6_g18_s15,4,7742.889441050202,clique,360,3.171471985339155e-15,2,7787.754999154451,0.3260445420164615,15,tolerance,12,7742.889441050226
primary,second,correlated_risk,correlated_risk_n360_m6_g18_s15,4,7742.889441050202,clique,360,3.171471985339155e-15,3,7787.754999154451,0.3288277500541881,15,tolerance,12,7742.889441050226
primary,first,correlated_risk,correlated_risk_n360_m6_g18_s15,4,7742.889441050202,clique,360,3.171471985339155e-15,4,7787.754999154451,0.32744491705670953,15,tolerance,12,7742.889441050226
primary,second,correlated_risk,correlated_risk_n720_m6_g26_s11,3,15591.526554279857,compressed,720,8.633228785762764e-15,0,15591.526554279992,0.38364299992099404,11,tolerance,12,15591.526554279992
primary,first,correlated_risk,correlated_risk_n720_m6_g26_s11,3,15591.526554279857,compressed,720,8.633228785762764e-15,1,15591.526554279992,0.38409712503198534,11,tolerance,12,15591.526554279992
primary,second,correlated_risk,correlated_risk_n720_m6_g26_s11,3,15591.526554279857,compressed,720,8.633228785762764e-15,2,15591.526554279992,0.33859479206148535,11,tolerance,12,15591.526554279992
primary,first,correlated_risk,correlated_risk_n720_m6_g26_s11,3,15591.526554279857,compressed,720,8.633228785762764e-15,3,15591.526554279992,0.33912370807956904,11,tolerance,12,15591.526554279992
primary,second,correlated_risk,correlated_risk_n720_m6_g26_s11,3,15591.526554279857,compressed,720,8.633228785762764e-15,4,15591.526554279992,0.3388963749166578,11,tolerance,12,15591.526554279992
primary,first,correlated_risk,correlated_risk_n720_m6_g26_s11,4,15591.526554279857,clique,720,7.349910993284516e-15,0,15648.204088065278,0.7848667500074953,11,tolerance,12,15591.526554279972
primary,second,correlated_risk,correlated_risk_n720_m6_g26_s11,4,15591.526554279857,clique,720,7.349910993284516e-15,1,15648.204088065278,0.8331086249090731,11,tolerance,12,15591.526554279972
primary,first,correlated_risk,correlated_risk_n720_m6_g26_s11,4,15591.526554279857,clique,720,7.349910993284516e-15,2,15648.204088065278,0.7452304579783231,11,tolerance,12,15591.526554279972
primary,second,correlated_risk,correlated_risk_n720_m6_g26_s11,4,15591.526554279857,clique,720,7.349910993284516e-15,3,15648.204088065278,0.753525875043124,11,tolerance,12,15591.526554279972
primary,first,correlated_risk,correlated_risk_n720_m6_g26_s11,4,15591.526554279857,clique,720,7.349910993284516e-15,4,15648.204088065278,0.752960916957818,11,tolerance,12,15591.526554279972
primary,first,correlated_risk,correlated_risk_n720_m6_g26_s12,3,15577.826896288107,compressed,720,6.830919409740536e-14,0,15577.82689628917,0.3407426669728011,12,tolerance,12,15577.82689628917
primary,second,correlated_risk,correlated_risk_n720_m6_g26_s12,3,15577.826896288107,compressed,720,6.830919409740536e-14,1,15577.82689628917,0.3399975410429761,12,tolerance,12,15577.82689628917
primary,first,correlated_risk,correlated_risk_n720_m6_g26_s12,3,15577.826896288107,compressed,720,6.830919409740536e-14,2,15577.82689628917,0.3375887500587851,12,tolerance,12,15577.82689628917
primary,second,correlated_risk,correlated_risk_n720_m6_g26_s12,3,15577.826896288107,compressed,720,6.830919409740536e-14,3,15577.82689628917,0.340041583054699,12,tolerance,12,15577.82689628917
primary,first,correlated_risk,correlated_risk_n720_m6_g26_s12,3,15577.826896288107,compressed,720,6.830919409740536e-14,4,15577.82689628917,0.3405172920320183,12,tolerance,12,15577.82689628917
primary,second,correlated_risk,correlated_risk_n720_m6_g26_s12,4,15577.826896288107,clique,720,8.29051757421501e-15,0,15632.608987189466,0.8153488329844549,12,tolerance,12,15577.826896288236
primary,first,correlated_risk,correlated_risk_n720_m6_g26_s12,4,15577.826896288107,clique,720,8.29051757421501e-15,1,15632.608987189466,0.8148608750198036,12,tolerance,12,15577.826896288236
primary,second,correlated_risk,correlated_risk_n720_m6_g26_s12,4,15577.826896288107,clique,720,8.29051757421501e-15,2,15632.608987189466,0.8172609170433134,12,tolerance,12,15577.826896288236
primary,first,correlated_risk,correlated_risk_n720_m6_g26_s12,4,15577.826896288107,clique,720,8.29051757421501e-15,3,15632.608987189466,0.8170952920336276,12,tolerance,12,15577.826896288236
primary,second,correlated_risk,correlated_risk_n720_m6_g26_s12,4,15577.826896288107,clique,720,8.29051757421501e-15,4,15632.608987189466,0.8158538748975843,12,tolerance,12,15577.826896288236
primary,second,correlated_risk,correlated_risk_n720_m6_g26_s13,3,15559.345095207036,compressed,720,2.0072855166958923e-13,0,15559.34509521016,0.3405090420274064,13,tolerance,12,15559.34509521016
primary,first,correlated_risk,correlated_risk_n720_m6_g26_s13,3,15559.345095207036,compressed,720,2.0072855166958923e-13,1,15559.34509521016,0.339396791998297,13,tolerance,12,15559.34509521016
primary,second,correlated_risk,correlated_risk_n720_m6_g26_s13,3,15559.345095207036,compressed,720,2.0072855166958923e-13,2,15559.34509521016,0.3401041670003906,13,tolerance,12,15559.34509521016
primary,first,correlated_risk,correlated_risk_n720_m6_g26_s13,3,15559.345095207036,compressed,720,2.0072855166958923e-13,3,15559.34509521016,0.33798479195684195,13,tolerance,12,15559.34509521016
primary,second,correlated_risk,correlated_risk_n720_m6_g26_s13,3,15559.345095207036,compressed,720,2.0072855166958923e-13,4,15559.34509521016,0.3378002500394359,13,tolerance,12,15559.34509521016
primary,first,correlated_risk,correlated_risk_n720_m6_g26_s13,4,15559.345095207036,clique,720,8.651084929265932e-15,0,15622.057322682505,0.8411952499300241,13,tolerance,12,15559.34509520717
primary,second,correlated_risk,correlated_risk_n720_m6_g26_s13,4,15559.345095207036,clique,720,8.651084929265932e-15,1,15622.057322682505,0.8408200410194695,13,tolerance,12,15559.34509520717
primary,first,correlated_risk,correlated_risk_n720_m6_g26_s13,4,15559.345095207036,clique,720,8.651084929265932e-15,2,15622.057322682505,0.8418419579975307,13,tolerance,12,15559.34509520717
primary,second,correlated_risk,correlated_risk_n720_m6_g26_s13,4,15559.345095207036,clique,720,8.651084929265932e-15,3,15622.057322682505,0.8417223340366036,13,tolerance,12,15559.34509520717
primary,first,correlated_risk,correlated_risk_n720_m6_g26_s13,4,15559.345095207036,clique,720,8.651084929265932e-15,4,15622.057322682505,0.8400109999347478,13,tolerance,12,15559.34509520717
primary,first,correlated_risk,correlated_risk_n720_m6_g26_s14,3,15549.738769360034,compressed,720,3.208426519635287e-07,0,15549.743758379458,0.3412563749589026,14,tolerance,12,15549.743758379458
primary,second,correlated_risk,correlated_risk_n720_m6_g26_s14,3,15549.738769360034,compressed,720,3.208426519635287e-07,1,15549.743758379458,0.34012491710018367,14,tolerance,12,15549.743758379458
primary,first,correlated_risk,correlated_risk_n720_m6_g26_s14,3,15549.738769360034,compressed,720,3.208426519635287e-07,2,15549.743758379458,0.3378957500681281,14,tolerance,12,15549.743758379458
primary,second,correlated_risk,correlated_risk_n720_m6_g26_s14,3,15549.738769360034,compressed,720,3.208426519635287e-07,3,15549.743758379458,0.3374334580730647,14,tolerance,12,15549.743758379458
primary,first,correlated_risk,correlated_risk_n720_m6_g26_s14,3,15549.738769360034,compressed,720,3.208426519635287e-07,4,15549.743758379458,0.34123016707599163,14,tolerance,12,15549.743758379458
primary,second,correlated_risk,correlated_risk_n720_m6_g26_s14,4,15549.738769360034,clique,720,5.614981233140967e-15,0,15612.71362129234,0.7814576660748571,14,tolerance,12,15549.738769360121
primary,first,correlated_risk,correlated_risk_n720_m6_g26_s14,4,15549.738769360034,clique,720,5.614981233140967e-15,1,15612.71362129234,0.7773186669219285,14,tolerance,12,15549.738769360121
primary,second,correlated_risk,correlated_risk_n720_m6_g26_s14,4,15549.738769360034,clique,720,5.614981233140967e-15,2,15612.71362129234,0.7849423330044374,14,tolerance,12,15549.738769360121
primary,first,correlated_risk,correlated_risk_n720_m6_g26_s14,4,15549.738769360034,clique,720,5.614981233140967e-15,3,15612.71362129234,0.7829329579835758,14,tolerance,12,15549.738769360121
primary,second,correlated_risk,correlated_risk_n720_m6_g26_s14,4,15549.738769360034,clique,720,5.614981233140967e-15,4,15612.71362129234,0.7846712089376524,14,tolerance,12,15549.738769360121
primary,second,correlated_risk,correlated_risk_n720_m6_g26_s15,3,15579.83701411742,compressed,720,1.8213434883563088e-14,0,15579.905298912105,0.33952754200436175,15,tolerance,12,15579.837014117704
primary,first,correlated_risk,correlated_risk_n720_m6_g26_s15,3,15579.83701411742,compressed,720,1.8213434883563088e-14,1,15579.905298912105,0.3400384170236066,15,tolerance,12,15579.837014117704
primary,second,correlated_risk,correlated_risk_n720_m6_g26_s15,3,15579.83701411742,compressed,720,1.8213434883563088e-14,2,15579.905298912105,0.3413240830413997,15,tolerance,12,15579.837014117704
primary,first,correlated_risk,correlated_risk_n720_m6_g26_s15,3,15579.83701411742,compressed,720,1.8213434883563088e-14,3,15579.905298912105,0.34016599995084107,15,tolerance,12,15579.837014117704
primary,second,correlated_risk,correlated_risk_n720_m6_g26_s15,3,15579.83701411742,compressed,720,1.8213434883563088e-14,4,15579.905298912105,0.34019695792812854,15,tolerance,12,15579.837014117704
primary,first,correlated_risk,correlated_risk_n720_m6_g26_s15,4,15579.83701411742,clique,720,8.639706290920952e-15,0,15636.974856228031,0.7943899579113349,15,tolerance,12,15579.837014117555
primary,second,correlated_risk,correlated_risk_n720_m6_g26_s15,4,15579.83701411742,clique,720,8.639706290920952e-15,1,15636.974856228031,0.7940466249128804,15,tolerance,12,15579.837014117555
primary,first,correlated_risk,correlated_risk_n720_m6_g26_s15,4,15579.83701411742,clique,720,8.639706290920952e-15,2,15636.974856228031,0.7929213750176132,15,tolerance,12,15579.837014117555
primary,second,correlated_risk,correlated_risk_n720_m6_g26_s15,4,15579.83701411742,clique,720,8.639706290920952e-15,3,15636.974856228031,0.7919410420581698,15,tolerance,12,15579.837014117555
primary,first,correlated_risk,correlated_risk_n720_m6_g26_s15,4,15579.83701411742,clique,720,8.639706290920952e-15,4,15636.974856228031,0.7935879590222612,15,tolerance,12,15579.837014117555
primary,second,correlated_risk,correlated_risk_n1440_m6_g37_s11,3,31257.49039119873,compressed,1440,0.0,0,31257.541932692286,0.6573865000391379,11,exact,12,31257.49039119873
primary,first,correlated_risk,correlated_risk_n1440_m6_g37_s11,3,31257.49039119873,compressed,1440,0.0,1,31257.541932692286,0.6591757499845698,11,exact,12,31257.49039119873
primary,second,correlated_risk,correlated_risk_n1440_m6_g37_s11,3,31257.49039119873,compressed,1440,0.0,2,31257.541932692286,0.6577754999743775,11,exact,12,31257.49039119873
primary,first,correlated_risk,correlated_risk_n1440_m6_g37_s11,3,31257.49039119873,compressed,1440,0.0,3,31257.541932692286,0.6596195409074426,11,exact,12,31257.49039119873
primary,second,correlated_risk,correlated_risk_n1440_m6_g37_s11,3,31257.49039119873,compressed,1440,0.0,4,31257.541932692286,0.6609160000225529,11,exact,12,31257.49039119873
primary,first,correlated_risk,correlated_risk_n1440_m6_g37_s11,4,31257.49039119873,clique,1440,0.0,0,31341.049299595597,1.9638817919185385,11,exact,12,31257.49039119873
primary,second,correlated_risk,correlated_risk_n1440_m6_g37_s11,4,31257.49039119873,clique,1440,0.0,1,31341.049299595597,1.962429792038165,11,exact,12,31257.49039119873
primary,first,correlated_risk,correlated_risk_n1440_m6_g37_s11,4,31257.49039119873,clique,1440,0.0,2,31341.049299595597,1.9606651249341667,11,exact,12,31257.49039119873
primary,second,correlated_risk,correlated_risk_n1440_m6_g37_s11,4,31257.49039119873,clique,1440,0.0,3,31341.049299595597,1.9634087500162423,11,exact,12,31257.49039119873
primary,first,correlated_risk,correlated_risk_n1440_m6_g37_s11,4,31257.49039119873,clique,1440,0.0,4,31341.049299595597,1.964471459039487,11,exact,12,31257.49039119873
primary,first,correlated_risk,correlated_risk_n1440_m6_g37_s12,1,31224.80265762371,compressed,1440,9.355693978682023e-14,0,31224.80265762663,0.34163516596890986,12,tolerance,6,31224.80265762663
primary,second,correlated_risk,correlated_risk_n1440_m6_g37_s12,1,31224.80265762371,compressed,1440,9.355693978682023e-14,1,31224.80265762663,0.35239629191346467,12,tolerance,6,31224.80265762663
primary,first,correlated_risk,correlated_risk_n1440_m6_g37_s12,1,31224.80265762371,compressed,1440,9.355693978682023e-14,2,31224.80265762663,0.3511800420237705,12,tolerance,6,31224.80265762663
primary,second,correlated_risk,correlated_risk_n1440_m6_g37_s12,1,31224.80265762371,compressed,1440,9.355693978682023e-14,3,31224.80265762663,0.3517829169286415,12,tolerance,6,31224.80265762663
primary,first,correlated_risk,correlated_risk_n1440_m6_g37_s12,1,31224.80265762371,compressed,1440,9.355693978682023e-14,4,31224.80265762663,0.35218141693621874,12,tolerance,6,31224.80265762663
primary,second,correlated_risk,correlated_risk_n1440_m6_g37_s12,4,31224.80265762371,clique,1440,0.0,0,31308.53185491738,2.505537624936551,12,exact,12,31224.80265762371
primary,first,correlated_risk,correlated_risk_n1440_m6_g37_s12,4,31224.80265762371,clique,1440,0.0,1,31308.53185491738,2.147253083065152,12,exact,12,31224.80265762371
primary,second,correlated_risk,correlated_risk_n1440_m6_g37_s12,4,31224.80265762371,clique,1440,0.0,2,31308.53185491738,2.1147304159821942,12,exact,12,31224.80265762371
primary,first,correlated_risk,correlated_risk_n1440_m6_g37_s12,4,31224.80265762371,clique,1440,0.0,3,31308.53185491738,2.116592124919407,12,exact,12,31224.80265762371
primary,second,correlated_risk,correlated_risk_n1440_m6_g37_s12,4,31224.80265762371,clique,1440,0.0,4,31308.53185491738,2.247459290898405,12,exact,12,31224.80265762371
primary,second,correlated_risk,correlated_risk_n1440_m6_g37_s13,3,31256.312977490546,compressed,1440,4.9699302401625733e-14,0,31256.3129774921,0.6825514159863815,13,tolerance,12,31256.3129774921
primary,first,correlated_risk,correlated_risk_n1440_m6_g37_s13,3,31256.312977490546,compressed,1440,4.9699302401625733e-14,1,31256.3129774921,0.7118697909172624,13,tolerance,12,31256.3129774921
primary,second,correlated_risk,correlated_risk_n1440_m6_g37_s13,3,31256.312977490546,compressed,1440,4.9699302401625733e-14,2,31256.3129774921,0.7007921669865027,13,tolerance,12,31256.3129774921
primary,first,correlated_risk,correlated_risk_n1440_m6_g37_s13,3,31256.312977490546,compressed,1440,4.9699302401625733e-14,3,31256.3129774921,0.6991971250390634,13,tolerance,12,31256.3129774921
primary,second,correlated_risk,correlated_risk_n1440_m6_g37_s13,3,31256.312977490546,compressed,1440,4.9699302401625733e-14,4,31256.3129774921,0.6777347910683602,13,tolerance,12,31256.3129774921
primary,first,correlated_risk,correlated_risk_n1440_m6_g37_s13,4,31256.312977490546,clique,1440,0.0,0,31341.536869385956,1.9708385419799015,13,exact,12,31256.312977490546
primary,second,correlated_risk,correlated_risk_n1440_m6_g37_s13,4,31256.312977490546,clique,1440,0.0,1,31341.536869385956,2.0153460419969633,13,exact,12,31256.312977490546
primary,first,correlated_risk,correlated_risk_n1440_m6_g37_s13,4,31256.312977490546,clique,1440,0.0,2,31341.536869385956,1.9977979169925675,13,exact,12,31256.312977490546
primary,second,correlated_risk,correlated_risk_n1440_m6_g37_s13,4,31256.312977490546,clique,1440,0.0,3,31341.536869385956,1.9904509169282392,13,exact,12,31256.312977490546
primary,first,correlated_risk,correlated_risk_n1440_m6_g37_s13,4,31256.312977490546,clique,1440,0.0,4,31341.536869385956,1.9870601249858737,13,exact,12,31256.312977490546
primary,first,correlated_risk,correlated_risk_n1440_m6_g37_s14,1,31238.389490863992,compressed,1440,3.237548813671329e-14,0,31238.389490865004,0.3530503329820931,14,tolerance,6,31238.389490865004
primary,second,correlated_risk,correlated_risk_n1440_m6_g37_s14,1,31238.389490863992,compressed,1440,3.237548813671329e-14,1,31238.389490865004,0.35127149999607354,14,tolerance,6,31238.389490865004
primary,first,correlated_risk,correlated_risk_n1440_m6_g37_s14,1,31238.389490863992,compressed,1440,3.237548813671329e-14,2,31238.389490865004,0.34916683298069984,14,tolerance,6,31238.389490865004
primary,second,correlated_risk,correlated_risk_n1440_m6_g37_s14,1,31238.389490863992,compressed,1440,3.237548813671329e-14,3,31238.389490865004,0.35368320799898356,14,tolerance,6,31238.389490865004
primary,first,correlated_risk,correlated_risk_n1440_m6_g37_s14,1,31238.389490863992,compressed,1440,3.237548813671329e-14,4,31238.389490865004,0.35273687506560236,14,tolerance,6,31238.389490865004
primary,second,correlated_risk,correlated_risk_n1440_m6_g37_s14,4,31238.389490863992,clique,1440,0.0,0,31319.01890205809,2.2185750829521567,14,exact,12,31238.389490863992
primary,first,correlated_risk,correlated_risk_n1440_m6_g37_s14,4,31238.389490863992,clique,1440,0.0,1,31319.01890205809,2.226185792009346,14,exact,12,31238.389490863992
primary,second,correlated_risk,correlated_risk_n1440_m6_g37_s14,4,31238.389490863992,clique,1440,0.0,2,31319.01890205809,2.24285029200837,14,exact,12,31238.389490863992
primary,first,correlated_risk,correlated_risk_n1440_m6_g37_s14,4,31238.389490863992,clique,1440,0.0,3,31319.01890205809,2.2318987499456853,14,exact,12,31238.389490863992
primary,second,correlated_risk,correlated_risk_n1440_m6_g37_s14,4,31238.389490863992,clique,1440,0.0,4,31319.01890205809,2.2482492080889642,14,exact,12,31238.389490863992
primary,second,correlated_risk,correlated_risk_n1440_m6_g37_s15,4,31246.159998003193,compressed,1440,0.0,0,31246.196490171224,0.715487250010483,15,exact,12,31246.159998003193
primary,first,correlated_risk,correlated_risk_n1440_m6_g37_s15,4,31246.159998003193,compressed,1440,0.0,1,31246.196490171224,0.792583458009176,15,exact,12,31246.159998003193
primary,second,correlated_risk,correlated_risk_n1440_m6_g37_s15,4,31246.159998003193,compressed,1440,0.0,2,31246.196490171224,0.7117950830142945,15,exact,12,31246.159998003193
primary,first,correlated_risk,correlated_risk_n1440_m6_g37_s15,4,31246.159998003193,compressed,1440,0.0,3,31246.196490171224,0.7115460000932217,15,exact,12,31246.159998003193
primary,second,correlated_risk,correlated_risk_n1440_m6_g37_s15,4,31246.159998003193,compressed,1440,0.0,4,31246.196490171224,0.7339642910519615,15,exact,12,31246.159998003193
primary,first,correlated_risk,correlated_risk_n1440_m6_g37_s15,4,31246.159998003193,clique,1440,0.0,0,31325.31206242214,1.9807089999085292,15,exact,12,31246.159998003193
primary,second,correlated_risk,correlated_risk_n1440_m6_g37_s15,4,31246.159998003193,clique,1440,0.0,1,31325.31206242214,1.978389999945648,15,exact,12,31246.159998003193
primary,first,correlated_risk,correlated_risk_n1440_m6_g37_s15,4,31246.159998003193,clique,1440,0.0,2,31325.31206242214,1.9694229589076713,15,exact,12,31246.159998003193
primary,second,correlated_risk,correlated_risk_n1440_m6_g37_s15,4,31246.159998003193,clique,1440,0.0,3,31325.31206242214,1.966201875009574,15,exact,12,31246.159998003193
primary,first,correlated_risk,correlated_risk_n1440_m6_g37_s15,4,31246.159998003193,clique,1440,0.0,4,31325.31206242214,1.966693582944572,15,exact,12,31246.159998003193
primary,second,near_tie,near_tie_n360_m6_g18_s11,3,6590.053454982536,compressed,360,7.086824599386141e-13,0,6590.053454987206,0.1833167920121923,11,tolerance,12,6590.053454987206
primary,first,near_tie,near_tie_n360_m6_g18_s11,3,6590.053454982536,compressed,360,7.086824599386141e-13,1,6590.053454987206,0.18736741598695517,11,tolerance,12,6590.053454987206
primary,second,near_tie,near_tie_n360_m6_g18_s11,3,6590.053454982536,compressed,360,7.086824599386141e-13,2,6590.053454987206,0.18699066701810807,11,tolerance,12,6590.053454987206
primary,first,near_tie,near_tie_n360_m6_g18_s11,3,6590.053454982536,compressed,360,7.086824599386141e-13,3,6590.053454987206,0.1858210420468822,11,tolerance,12,6590.053454987206
primary,second,near_tie,near_tie_n360_m6_g18_s11,3,6590.053454982536,compressed,360,7.086824599386141e-13,4,6590.053454987206,0.1868908329633996,11,tolerance,12,6590.053454987206
primary,first,near_tie,near_tie_n360_m6_g18_s11,4,6590.053454982536,clique,360,0.0,0,6609.79549693779,0.28106670803390443,11,exact,12,6590.053454982536
primary,second,near_tie,near_tie_n360_m6_g18_s11,4,6590.053454982536,clique,360,0.0,1,6609.79549693779,0.278121417039074,11,exact,12,6590.053454982536
primary,first,near_tie,near_tie_n360_m6_g18_s11,4,6590.053454982536,clique,360,0.0,2,6609.79549693779,0.278622500016354,11,exact,12,6590.053454982536
primary,second,near_tie,near_tie_n360_m6_g18_s11,4,6590.053454982536,clique,360,0.0,3,6609.79549693779,0.27996895799878985,11,exact,12,6590.053454982536
primary,first,near_tie,near_tie_n360_m6_g18_s11,4,6590.053454982536,clique,360,0.0,4,6609.79549693779,0.2839487079763785,11,exact,12,6590.053454982536
primary,first,near_tie,near_tie_n360_m6_g18_s12,3,6601.833560947786,compressed,360,4.948481264497901e-13,0,6601.833560951053,0.1883075840305537,12,tolerance,12,6601.833560951053
primary,second,near_tie,near_tie_n360_m6_g18_s12,3,6601.833560947786,compressed,360,4.948481264497901e-13,1,6601.833560951053,0.37575395801104605,12,tolerance,12,6601.833560951053
primary,first,near_tie,near_tie_n360_m6_g18_s12,3,6601.833560947786,compressed,360,4.948481264497901e-13,2,6601.833560951053,0.3160892080049962,12,tolerance,12,6601.833560951053
primary,second,near_tie,near_tie_n360_m6_g18_s12,3,6601.833560947786,compressed,360,4.948481264497901e-13,3,6601.833560951053,0.21288145903963596,12,tolerance,12,6601.833560951053
primary,first,near_tie,near_tie_n360_m6_g18_s12,3,6601.833560947786,compressed,360,4.948481264497901e-13,4,6601.833560951053,0.1937784580513835,12,tolerance,12,6601.833560951053
primary,second,near_tie,near_tie_n360_m6_g18_s12,4,6601.833560947786,clique,360,0.0,0,6615.620376196059,0.2751505409833044,12,exact,12,6601.833560947786
primary,first,near_tie,near_tie_n360_m6_g18_s12,4,6601.833560947786,clique,360,0.0,1,6615.620376196059,0.29659112507943064,12,exact,12,6601.833560947786
primary,second,near_tie,near_tie_n360_m6_g18_s12,4,6601.833560947786,clique,360,0.0,2,6615.620376196059,0.3054283340461552,12,exact,12,6601.833560947786
primary,first,near_tie,near_tie_n360_m6_g18_s12,4,6601.833560947786,clique,360,0.0,3,6615.620376196059,0.2955864999676123,12,exact,12,6601.833560947786
primary,second,near_tie,near_tie_n360_m6_g18_s12,4,6601.833560947786,clique,360,0.0,4,6615.620376196059,0.2834672499448061,12,exact,12,6601.833560947786
primary,second,near_tie,near_tie_n360_m6_g18_s13,0,6607.365378081091,compressed,360,5.914761043006314e-13,0,6607.365378084999,0.051356415962800384,13,tolerance,3,6607.365378084999
primary,first,near_tie,near_tie_n360_m6_g18_s13,0,6607.365378081091,compressed,360,5.914761043006314e-13,1,6607.365378084999,0.05120479199104011,13,tolerance,3,6607.365378084999
primary,second,near_tie,near_tie_n360_m6_g18_s13,0,6607.365378081091,compressed,360,5.914761043006314e-13,2,6607.365378084999,0.050664084032177925,13,tolerance,3,6607.365378084999
primary,first,near_tie,near_tie_n360_m6_g18_s13,0,6607.365378081091,compressed,360,5.914761043006314e-13,3,6607.365378084999,0.05042991694062948,13,tolerance,3,6607.365378084999
primary,second,near_tie,near_tie_n360_m6_g18_s13,0,6607.365378081091,compressed,360,5.914761043006314e-13,4,6607.365378084999,0.05066508403979242,13,tolerance,3,6607.365378084999
primary,first,near_tie,near_tie_n360_m6_g18_s13,3,6607.365378081091,clique,360,0.0,0,6623.903280786733,0.25653458398301154,13,exact,12,6607.365378081091
primary,second,near_tie,near_tie_n360_m6_g18_s13,3,6607.365378081091,clique,360,0.0,1,6623.903280786733,0.25901162496302277,13,exact,12,6607.365378081091
primary,first,near_tie,near_tie_n360_m6_g18_s13,3,6607.365378081091,clique,360,0.0,2,6623.903280786733,0.25634087494108826,13,exact,12,6607.365378081091
primary,second,near_tie,near_tie_n360_m6_g18_s13,3,6607.365378081091,clique,360,0.0,3,6623.903280786733,0.25405449990648776,13,exact,12,6607.365378081091
primary,first,near_tie,near_tie_n360_m6_g18_s13,3,6607.365378081091,clique,360,0.0,4,6623.903280786733,0.2562834999989718,13,exact,12,6607.365378081091
primary,first,near_tie,near_tie_n360_m6_g18_s14,2,6612.970833961949,compressed,360,1.4165789723661531e-14,0,6612.970833962043,0.1443297079531476,14,tolerance,9,6612.970833962043
primary,second,near_tie,near_tie_n360_m6_g18_s14,2,6612.970833961949,compressed,360,1.4165789723661531e-14,1,6612.970833962043,0.14631554204970598,14,tolerance,9,6612.970833962043
primary,first,near_tie,near_tie_n360_m6_g18_s14,2,6612.970833961949,compressed,360,1.4165789723661531e-14,2,6612.970833962043,0.14296608394943178,14,tolerance,9,6612.970833962043
primary,second,near_tie,near_tie_n360_m6_g18_s14,2,6612.970833961949,compressed,360,1.4165789723661531e-14,3,6612.970833962043,0.14267508406192064,14,tolerance,9,6612.970833962043
primary,first,near_tie,near_tie_n360_m6_g18_s14,2,6612.970833961949,compressed,360,1.4165789723661531e-14,4,6612.970833962043,0.1445672499248758,14,tolerance,9,6612.970833962043
primary,second,near_tie,near_tie_n360_m6_g18_s14,3,6612.970833961949,clique,360,0.0,0,6628.419165457845,0.2537934579886496,14,exact,12,6612.970833961949
primary,first,near_tie,near_tie_n360_m6_g18_s14,3,6612.970833961949,clique,360,0.0,1,6628.419165457845,0.2519442919874564,14,exact,12,6612.970833961949
primary,second,near_tie,near_tie_n360_m6_g18_s14,3,6612.970833961949,clique,360,0.0,2,6628.419165457845,0.2570756250061095,14,exact,12,6612.970833961949
primary,first,near_tie,near_tie_n360_m6_g18_s14,3,6612.970833961949,clique,360,0.0,3,6628.419165457845,0.2553509169956669,14,exact,12,6612.970833961949
primary,second,near_tie,near_tie_n360_m6_g18_s14,3,6612.970833961949,clique,360,0.0,4,6628.419165457845,0.25319012498948723,14,exact,12,6612.970833961949
primary,second,near_tie,near_tie_n360_m6_g18_s15,3,6579.554450019642,compressed,360,1.0090822066108984e-12,0,6579.554450026281,0.1885717500699684,15,tolerance,12,6579.554450026281
primary,first,near_tie,near_tie_n360_m6_g18_s15,3,6579.554450019642,compressed,360,1.0090822066108984e-12,1,6579.554450026281,0.19241300004068762,15,tolerance,12,6579.554450026281
primary,second,near_tie,near_tie_n360_m6_g18_s15,3,6579.554450019642,compressed,360,1.0090822066108984e-12,2,6579.554450026281,0.18931766704190522,15,tolerance,12,6579.554450026281
primary,first,near_tie,near_tie_n360_m6_g18_s15,3,6579.554450019642,compressed,360,1.0090822066108984e-12,3,6579.554450026281,0.1902160830795765,15,tolerance,12,6579.554450026281
primary,second,near_tie,near_tie_n360_m6_g18_s15,3,6579.554450019642,compressed,360,1.0090822066108984e-12,4,6579.554450026281,0.18891333299688995,15,tolerance,12,6579.554450026281
primary,first,near_tie,near_tie_n360_m6_g18_s15,3,6579.554450019642,clique,360,0.0,0,6592.840870404399,0.2600238750455901,15,exact,12,6579.554450019642
primary,second,near_tie,near_tie_n360_m6_g18_s15,3,6579.554450019642,clique,360,0.0,1,6592.840870404399,0.2620360420551151,15,exact,12,6579.554450019642
primary,first,near_tie,near_tie_n360_m6_g18_s15,3,6579.554450019642,clique,360,0.0,2,6592.840870404399,0.25963166600558907,15,exact,12,6579.554450019642
primary,second,near_tie,near_tie_n360_m6_g18_s15,3,6579.554450019642,clique,360,0.0,3,6592.840870404399,0.25966966699343175,15,exact,12,6579.554450019642
primary,first,near_tie,near_tie_n360_m6_g18_s15,3,6579.554450019642,clique,360,0.0,4,6592.840870404399,0.26026591600384563,15,exact,12,6579.554450019642
primary,second,near_tie,near_tie_n720_m6_g26_s11,3,13219.609608103056,compressed,720,3.8692505712390124e-13,0,13219.60960810817,0.3749761249637231,11,tolerance,12,13219.60960810817
primary,first,near_tie,near_tie_n720_m6_g26_s11,3,13219.609608103056,compressed,720,3.8692505712390124e-13,1,13219.60960810817,0.363950458006002,11,tolerance,12,13219.60960810817
primary,second,near_tie,near_tie_n720_m6_g26_s11,3,13219.609608103056,compressed,720,3.8692505712390124e-13,2,13219.60960810817,0.40471133298706263,11,tolerance,12,13219.60960810817
primary,first,near_tie,near_tie_n720_m6_g26_s11,3,13219.609608103056,compressed,720,3.8692505712390124e-13,3,13219.60960810817,0.5048972090007737,11,tolerance,12,13219.60960810817
primary,second,near_tie,near_tie_n720_m6_g26_s11,3,13219.609608103056,compressed,720,3.8692505712390124e-13,4,13219.60960810817,0.3788454169407487,11,tolerance,12,13219.60960810817
primary,first,near_tie,near_tie_n720_m6_g26_s11,4,13219.609608103056,clique,720,0.0,0,13236.721199910975,0.611560249933973,11,exact,12,13219.609608103056
primary,second,near_tie,near_tie_n720_m6_g26_s11,4,13219.609608103056,clique,720,0.0,1,13236.721199910975,0.622534874943085,11,exact,12,13219.609608103056
primary,first,near_tie,near_tie_n720_m6_g26_s11,4,13219.609608103056,clique,720,0.0,2,13236.721199910975,0.6591353750554845,11,exact,12,13219.609608103056
primary,second,near_tie,near_tie_n720_m6_g26_s11,4,13219.609608103056,clique,720,0.0,3,13236.721199910975,0.6529230839805678,11,exact,12,13219.609608103056
primary,first,near_tie,near_tie_n720_m6_g26_s11,4,13219.609608103056,clique,720,0.0,4,13236.721199910975,0.8416976250009611,11,exact,12,13219.609608103056
primary,first,near_tie,near_tie_n720_m6_g26_s12,3,13249.286940980626,compressed,720,5.488838507137112e-13,0,13249.286940987899,0.3710817079991102,12,tolerance,12,13249.286940987899
primary,second,near_tie,near_tie_n720_m6_g26_s12,3,13249.286940980626,compressed,720,5.488838507137112e-13,1,13249.286940987899,0.3614970409544185,12,tolerance,12,13249.286940987899
primary,first,near_tie,near_tie_n720_m6_g26_s12,3,13249.286940980626,compressed,720,5.488838507137112e-13,2,13249.286940987899,0.3596115830587223,12,tolerance,12,13249.286940987899
primary,second,near_tie,near_tie_n720_m6_g26_s12,3,13249.286940980626,compressed,720,5.488838507137112e-13,3,13249.286940987899,0.381295791012235,12,tolerance,12,13249.286940987899
primary,first,near_tie,near_tie_n720_m6_g26_s12,3,13249.286940980626,compressed,720,5.488838507137112e-13,4,13249.286940987899,0.4534231669967994,12,tolerance,12,13249.286940987899
primary,second,near_tie,near_tie_n720_m6_g26_s12,4,13249.286940980626,clique,720,0.0,0,13268.53877499107,0.6328130000038072,12,exact,12,13249.286940980626
primary,first,near_tie,near_tie_n720_m6_g26_s12,4,13249.286940980626,clique,720,0.0,1,13268.53877499107,0.6040727500803769,12,exact,12,13249.286940980626
primary,second,near_tie,near_tie_n720_m6_g26_s12,4,13249.286940980626,clique,720,0.0,2,13268.53877499107,0.6047469169134274,12,exact,12,13249.286940980626
primary,first,near_tie,near_tie_n720_m6_g26_s12,4,13249.286940980626,clique,720,0.0,3,13268.53877499107,0.601455167052336,12,exact,12,13249.286940980626
primary,second,near_tie,near_tie_n720_m6_g26_s12,4,13249.286940980626,clique,720,0.0,4,13268.53877499107,0.6410300410352647,12,exact,12,13249.286940980626
primary,second,near_tie,near_tie_n720_m6_g26_s13,0,13291.032276390713,compressed,720,6.979778368729589e-14,0,13291.032276391641,0.09647020802367479,13,tolerance,3,13291.032276391641
primary,first,near_tie,near_tie_n720_m6_g26_s13,0,13291.032276390713,compressed,720,6.979778368729589e-14,1,13291.032276391641,0.0970801250077784,13,tolerance,3,13291.032276391641
primary,second,near_tie,near_tie_n720_m6_g26_s13,0,13291.032276390713,compressed,720,6.979778368729589e-14,2,13291.032276391641,0.09731854207348078,13,tolerance,3,13291.032276391641
primary,first,near_tie,near_tie_n720_m6_g26_s13,0,13291.032276390713,compressed,720,6.979778368729589e-14,3,13291.032276391641,0.0959737499943003,13,tolerance,3,13291.032276391641
primary,second,near_tie,near_tie_n720_m6_g26_s13,0,13291.032276390713,compressed,720,6.979778368729589e-14,4,13291.032276391641,0.10372404102236032,13,tolerance,3,13291.032276391641
primary,first,near_tie,near_tie_n720_m6_g26_s13,2,13291.032276390713,clique,720,0.0,0,13311.611564393093,0.40223483298905194,13,exact,9,13291.032276390713
primary,second,near_tie,near_tie_n720_m6_g26_s13,2,13291.032276390713,clique,720,0.0,1,13311.611564393093,0.41993516602087766,13,exact,9,13291.032276390713
primary,first,near_tie,near_tie_n720_m6_g26_s13,2,13291.032276390713,clique,720,0.0,2,13311.611564393093,0.42447733401786536,13,exact,9,13291.032276390713
primary,second,near_tie,near_tie_n720_m6_g26_s13,2,13291.032276390713,clique,720,0.0,3,13311.611564393093,0.4074887919705361,13,exact,9,13291.032276390713
primary,first,near_tie,near_tie_n720_m6_g26_s13,2,13291.032276390713,clique,720,0.0,4,13311.611564393093,0.4571671250741929,13,exact,9,13291.032276390713
primary,first,near_tie,near_tie_n720_m6_g26_s14,3,13294.495486101241,compressed,720,9.673368272240181e-14,0,13294.495486102527,0.4199359589256346,14,tolerance,12,13294.495486102527
primary,second,near_tie,near_tie_n720_m6_g26_s14,3,13294.495486101241,compressed,720,9.673368272240181e-14,1,13294.495486102527,0.3953137499047443,14,tolerance,12,13294.495486102527
primary,first,near_tie,near_tie_n720_m6_g26_s14,3,13294.495486101241,compressed,720,9.673368272240181e-14,2,13294.495486102527,0.38866349996533245,14,tolerance,12,13294.495486102527
primary,second,near_tie,near_tie_n720_m6_g26_s14,3,13294.495486101241,compressed,720,9.673368272240181e-14,3,13294.495486102527,0.5340152500430122,14,tolerance,12,13294.495486102527
primary,first,near_tie,near_tie_n720_m6_g26_s14,3,13294.495486101241,compressed,720,9.673368272240181e-14,4,13294.495486102527,0.36560904199723154,14,tolerance,12,13294.495486102527
primary,second,near_tie,near_tie_n720_m6_g26_s14,3,13294.495486101241,clique,720,0.0,0,13310.624762439726,0.6963159169536084,14,exact,12,13294.495486101241
primary,first,near_tie,near_tie_n720_m6_g26_s14,3,13294.495486101241,clique,720,0.0,1,13310.624762439726,0.5819110419834033,14,exact,12,13294.495486101241
primary,second,near_tie,near_tie_n720_m6_g26_s14,3,13294.495486101241,clique,720,0.0,2,13310.624762439726,0.5758715000702068,14,exact,12,13294.495486101241
primary,first,near_tie,near_tie_n720_m6_g26_s14,3,13294.495486101241,clique,720,0.0,3,13310.624762439726,0.5841375420568511,14,exact,12,13294.495486101241
primary,second,near_tie,near_tie_n720_m6_g26_s14,3,13294.495486101241,clique,720,0.0,4,13310.624762439726,0.5797675000503659,14,exact,12,13294.495486101241
primary,second,near_tie,near_tie_n720_m6_g26_s15,3,13209.565394381434,compressed,720,8.196049307201237e-13,0,13209.56539439226,0.3584770419402048,15,tolerance,12,13209.56539439226
primary,first,near_tie,near_tie_n720_m6_g26_s15,3,13209.565394381434,compressed,720,8.196049307201237e-13,1,13209.56539439226,0.35714858293067664,15,tolerance,12,13209.56539439226
primary,second,near_tie,near_tie_n720_m6_g26_s15,3,13209.565394381434,compressed,720,8.196049307201237e-13,2,13209.56539439226,0.35777037497609854,15,tolerance,12,13209.56539439226
primary,first,near_tie,near_tie_n720_m6_g26_s15,3,13209.565394381434,compressed,720,8.196049307201237e-13,3,13209.56539439226,0.38038624997716397,15,tolerance,12,13209.56539439226
primary,second,near_tie,near_tie_n720_m6_g26_s15,3,13209.565394381434,compressed,720,8.196049307201237e-13,4,13209.56539439226,0.358885082998313,15,tolerance,12,13209.56539439226
primary,first,near_tie,near_tie_n720_m6_g26_s15,4,13209.565394381434,clique,720,0.0,0,13229.669884381849,0.6105782499071211,15,exact,12,13209.565394381434
primary,second,near_tie,near_tie_n720_m6_g26_s15,4,13209.565394381434,clique,720,0.0,1,13229.669884381849,0.6101908748969436,15,exact,12,13209.565394381434
primary,first,near_tie,near_tie_n720_m6_g26_s15,4,13209.565394381434,clique,720,0.0,2,13229.669884381849,0.6141235419781879,15,exact,12,13209.565394381434
primary,second,near_tie,near_tie_n720_m6_g26_s15,4,13209.565394381434,clique,720,0.0,3,13229.669884381849,0.6500256250146776,15,exact,12,13209.565394381434
primary,first,near_tie,near_tie_n720_m6_g26_s15,4,13209.565394381434,clique,720,0.0,4,13229.669884381849,0.6245431250426918,15,exact,12,13209.565394381434
primary,second,near_tie,near_tie_n1440_m6_g37_s11,3,26653.553904667744,compressed,1440,3.4436760527777016e-13,0,26653.553904676923,0.7029116669436917,11,tolerance,12,26653.553904676923
primary,first,near_tie,near_tie_n1440_m6_g37_s11,3,26653.553904667744,compressed,1440,3.4436760527777016e-13,1,26653.553904676923,0.7978873329702765,11,tolerance,12,26653.553904676923
primary,second,near_tie,near_tie_n1440_m6_g37_s11,3,26653.553904667744,compressed,1440,3.4436760527777016e-13,2,26653.553904676923,0.7093297080136836,11,tolerance,12,26653.553904676923
primary,first,near_tie,near_tie_n1440_m6_g37_s11,3,26653.553904667744,compressed,1440,3.4436760527777016e-13,3,26653.553904676923,0.6824770830571651,11,tolerance,12,26653.553904676923
primary,second,near_tie,near_tie_n1440_m6_g37_s11,3,26653.553904667744,compressed,1440,3.4436760527777016e-13,4,26653.553904676923,0.6737049999646842,11,tolerance,12,26653.553904676923
primary,first,near_tie,near_tie_n1440_m6_g37_s11,4,26653.553904667744,clique,1440,5.0501789121194994e-15,0,26666.339040165924,1.3512305000331253,11,tolerance,12,26653.55390466788
primary,second,near_tie,near_tie_n1440_m6_g37_s11,4,26653.553904667744,clique,1440,5.0501789121194994e-15,1,26666.339040165924,1.5108010419644415,11,tolerance,12,26653.55390466788
primary,first,near_tie,near_tie_n1440_m6_g37_s11,4,26653.553904667744,clique,1440,5.0501789121194994e-15,2,26666.339040165924,1.3366599580040202,11,tolerance,12,26653.55390466788
primary,second,near_tie,near_tie_n1440_m6_g37_s11,4,26653.553904667744,clique,1440,5.0501789121194994e-15,3,26666.339040165924,1.2781577910063788,11,tolerance,12,26653.55390466788
primary,first,near_tie,near_tie_n1440_m6_g37_s11,4,26653.553904667744,clique,1440,5.0501789121194994e-15,4,26666.339040165924,1.2812771250028163,11,tolerance,12,26653.55390466788
primary,first,near_tie,near_tie_n1440_m6_g37_s12,0,26660.859048689883,compressed,1440,1.6906641056669663e-13,0,26660.85904869439,0.18006283300928771,12,tolerance,3,26660.85904869439
primary,second,near_tie,near_tie_n1440_m6_g37_s12,0,26660.859048689883,compressed,1440,1.6906641056669663e-13,1,26660.85904869439,0.18129091698210686,12,tolerance,3,26660.85904869439
primary,first,near_tie,near_tie_n1440_m6_g37_s12,0,26660.859048689883,compressed,1440,1.6906641056669663e-13,2,26660.85904869439,0.18047500005923212,12,tolerance,3,26660.85904869439
primary,second,near_tie,near_tie_n1440_m6_g37_s12,0,26660.859048689883,compressed,1440,1.6906641056669663e-13,3,26660.85904869439,0.17914141598157585,12,tolerance,3,26660.85904869439
primary,first,near_tie,near_tie_n1440_m6_g37_s12,0,26660.859048689883,compressed,1440,1.6906641056669663e-13,4,26660.85904869439,0.18360412504989654,12,tolerance,3,26660.85904869439
primary,second,near_tie,near_tie_n1440_m6_g37_s12,2,26660.859048689883,clique,1440,3.5478019973640937e-15,0,26676.41211495547,0.8923132909694687,12,tolerance,9,26660.859048689977
primary,first,near_tie,near_tie_n1440_m6_g37_s12,2,26660.859048689883,clique,1440,3.5478019973640937e-15,1,26676.41211495547,0.9167312090285122,12,tolerance,9,26660.859048689977
primary,second,near_tie,near_tie_n1440_m6_g37_s12,2,26660.859048689883,clique,1440,3.5478019973640937e-15,2,26676.41211495547,0.8924369580345228,12,tolerance,9,26660.859048689977
primary,first,near_tie,near_tie_n1440_m6_g37_s12,2,26660.859048689883,clique,1440,3.5478019973640937e-15,3,26676.41211495547,0.8873917500022799,12,tolerance,9,26660.859048689977
primary,second,near_tie,near_tie_n1440_m6_g37_s12,2,26660.859048689883,clique,1440,3.5478019973640937e-15,4,26676.41211495547,0.8903002919396386,12,tolerance,9,26660.859048689977
primary,second,near_tie,near_tie_n1440_m6_g37_s13,0,26572.18237874551,compressed,1440,2.957240813461963e-14,0,26572.182378746296,0.18011887499596924,13,tolerance,3,26572.182378746296
primary,first,near_tie,near_tie_n1440_m6_g37_s13,0,26572.18237874551,compressed,1440,2.957240813461963e-14,1,26572.182378746296,0.1813896249514073,13,tolerance,3,26572.182378746296
primary,second,near_tie,near_tie_n1440_m6_g37_s13,0,26572.18237874551,compressed,1440,2.957240813461963e-14,2,26572.182378746296,0.17993987491354346,13,tolerance,3,26572.182378746296
primary,first,near_tie,near_tie_n1440_m6_g37_s13,0,26572.18237874551,compressed,1440,2.957240813461963e-14,3,26572.182378746296,0.20121091697365046,13,tolerance,3,26572.182378746296
primary,second,near_tie,near_tie_n1440_m6_g37_s13,0,26572.18237874551,compressed,1440,2.957240813461963e-14,4,26572.182378746296,0.17983958299737424,13,tolerance,3,26572.182378746296
primary,first,near_tie,near_tie_n1440_m6_g37_s13,2,26572.18237874551,clique,1440,4.2441882045055944e-15,0,26591.148117025194,0.8784786249743775,13,tolerance,9,26572.182378745623
primary,second,near_tie,near_tie_n1440_m6_g37_s13,2,26572.18237874551,clique,1440,4.2441882045055944e-15,1,26591.148117025194,0.8768727080896497,13,tolerance,9,26572.182378745623
primary,first,near_tie,near_tie_n1440_m6_g37_s13,2,26572.18237874551,clique,1440,4.2441882045055944e-15,2,26591.148117025194,0.8773251250386238,13,tolerance,9,26572.182378745623
primary,second,near_tie,near_tie_n1440_m6_g37_s13,2,26572.18237874551,clique,1440,4.2441882045055944e-15,3,26591.148117025194,0.9764005839824677,13,tolerance,9,26572.182378745623
primary,first,near_tie,near_tie_n1440_m6_g37_s13,2,26572.18237874551,clique,1440,4.2441882045055944e-15,4,26591.148117025194,0.949179791030474,13,tolerance,9,26572.182378745623
primary,first,near_tie,near_tie_n1440_m6_g37_s14,3,26619.746355030096,compressed,1440,1.7083083543376235e-13,0,26619.746355034644,0.6590244160033762,14,tolerance,12,26619.746355034644
primary,second,near_tie,near_tie_n1440_m6_g37_s14,3,26619.746355030096,compressed,1440,1.7083083543376235e-13,1,26619.746355034644,0.6606950419954956,14,tolerance,12,26619.746355034644
primary,first,near_tie,near_tie_n1440_m6_g37_s14,3,26619.746355030096,compressed,1440,1.7083083543376235e-13,2,26619.746355034644,0.6626367080025375,14,tolerance,12,26619.746355034644
primary,second,near_tie,near_tie_n1440_m6_g37_s14,3,26619.746355030096,compressed,1440,1.7083083543376235e-13,3,26619.746355034644,0.6560100830392912,14,tolerance,12,26619.746355034644
primary,first,near_tie,near_tie_n1440_m6_g37_s14,3,26619.746355030096,compressed,1440,1.7083083543376235e-13,4,26619.746355034644,0.6626130410004407,14,tolerance,12,26619.746355034644
primary,second,near_tie,near_tie_n1440_m6_g37_s14,3,26619.746355030096,clique,1440,7.653221427432553e-15,0,26642.566276513182,1.1909787090262398,14,tolerance,12,26619.7463550303
primary,first,near_tie,near_tie_n1440_m6_g37_s14,3,26619.746355030096,clique,1440,7.653221427432553e-15,1,26642.566276513182,1.1915417501004413,14,tolerance,12,26619.7463550303
primary,second,near_tie,near_tie_n1440_m6_g37_s14,3,26619.746355030096,clique,1440,7.653221427432553e-15,2,26642.566276513182,1.1935285410145298,14,tolerance,12,26619.7463550303
primary,first,near_tie,near_tie_n1440_m6_g37_s14,3,26619.746355030096,clique,1440,7.653221427432553e-15,3,26642.566276513182,1.1931833339622244,14,tolerance,12,26619.7463550303
primary,second,near_tie,near_tie_n1440_m6_g37_s14,3,26619.746355030096,clique,1440,7.653221427432553e-15,4,26642.566276513182,1.1900731669738889,14,tolerance,12,26619.7463550303
primary,second,near_tie,near_tie_n1440_m6_g37_s15,3,26625.272941910447,compressed,1440,3.76296372870598e-13,0,26625.272941920466,0.6615487500093877,15,tolerance,12,26625.272941920466
primary,first,near_tie,near_tie_n1440_m6_g37_s15,3,26625.272941910447,compressed,1440,3.76296372870598e-13,1,26625.272941920466,0.6625643749721348,15,tolerance,12,26625.272941920466
primary,second,near_tie,near_tie_n1440_m6_g37_s15,3,26625.272941910447,compressed,1440,3.76296372870598e-13,2,26625.272941920466,0.6588727090274915,15,tolerance,12,26625.272941920466
primary,first,near_tie,near_tie_n1440_m6_g37_s15,3,26625.272941910447,compressed,1440,3.76296372870598e-13,3,26625.272941920466,0.6556081250309944,15,tolerance,12,26625.272941920466
primary,second,near_tie,near_tie_n1440_m6_g37_s15,3,26625.272941910447,compressed,1440,3.76296372870598e-13,4,26625.272941920466,0.6638296250021085,15,tolerance,12,26625.272941920466
primary,first,near_tie,near_tie_n1440_m6_g37_s15,4,26625.272941910447,clique,1440,5.465452038788642e-15,0,26642.059683392028,1.3047811250435188,15,tolerance,12,26625.272941910593
primary,second,near_tie,near_tie_n1440_m6_g37_s15,4,26625.272941910447,clique,1440,5.465452038788642e-15,1,26642.059683392028,1.3120362079935148,15,tolerance,12,26625.272941910593
primary,first,near_tie,near_tie_n1440_m6_g37_s15,4,26625.272941910447,clique,1440,5.465452038788642e-15,2,26642.059683392028,1.312388375052251,15,tolerance,12,26625.272941910593
primary,second,near_tie,near_tie_n1440_m6_g37_s15,4,26625.272941910447,clique,1440,5.465452038788642e-15,3,26642.059683392028,1.3097389170434326,15,tolerance,12,26625.272941910593
primary,first,near_tie,near_tie_n1440_m6_g37_s15,4,26625.272941910447,clique,1440,5.465452038788642e-15,4,26642.059683392028,1.3115654170978814,15,tolerance,12,26625.272941910593
primary,second,many_breakpoints,many_breakpoints_n360_m6_g18_s11,7,8438.852736549536,compressed,360,5.970717590555084e-14,0,8438.85273655004,0.4091250830097124,11,tolerance,24,8438.85273655004
primary,first,many_breakpoints,many_breakpoints_n360_m6_g18_s11,7,8438.852736549536,compressed,360,5.970717590555084e-14,1,8438.85273655004,0.40711279201786965,11,tolerance,24,8438.85273655004
primary,second,many_breakpoints,many_breakpoints_n360_m6_g18_s11,7,8438.852736549536,compressed,360,5.970717590555084e-14,2,8438.85273655004,0.40779087494593114,11,tolerance,24,8438.85273655004
primary,first,many_breakpoints,many_breakpoints_n360_m6_g18_s11,7,8438.852736549536,compressed,360,5.970717590555084e-14,3,8438.85273655004,0.40777062496636063,11,tolerance,24,8438.85273655004
primary,second,many_breakpoints,many_breakpoints_n360_m6_g18_s11,7,8438.852736549536,compressed,360,5.970717590555084e-14,4,8438.85273655004,0.4057693340582773,11,tolerance,24,8438.85273655004
primary,first,many_breakpoints,many_breakpoints_n360_m6_g18_s11,7,8438.852736549536,clique,360,0.0,0,8441.152159429244,0.501135791069828,11,exact,24,8438.852736549536
primary,second,many_breakpoints,many_breakpoints_n360_m6_g18_s11,7,8438.852736549536,clique,360,0.0,1,8441.152159429244,0.5035974589409307,11,exact,24,8438.852736549536
primary,first,many_breakpoints,many_breakpoints_n360_m6_g18_s11,7,8438.852736549536,clique,360,0.0,2,8441.152159429244,0.5021743329707533,11,exact,24,8438.852736549536
primary,second,many_breakpoints,many_breakpoints_n360_m6_g18_s11,7,8438.852736549536,clique,360,0.0,3,8441.152159429244,0.500999917043373,11,exact,24,8438.852736549536
primary,first,many_breakpoints,many_breakpoints_n360_m6_g18_s11,7,8438.852736549536,clique,360,0.0,4,8441.152159429244,0.49975545809138566,11,exact,24,8438.852736549536
primary,first,many_breakpoints,many_breakpoints_n360_m6_g18_s12,7,8425.323721735274,compressed,360,4.706521708477756e-14,0,8425.323721735671,0.4087465829215944,12,tolerance,24,8425.323721735671
primary,second,many_breakpoints,many_breakpoints_n360_m6_g18_s12,7,8425.323721735274,compressed,360,4.706521708477756e-14,1,8425.323721735671,0.4082690828945488,12,tolerance,24,8425.323721735671
primary,first,many_breakpoints,many_breakpoints_n360_m6_g18_s12,7,8425.323721735274,compressed,360,4.706521708477756e-14,2,8425.323721735671,0.40959516703151166,12,tolerance,24,8425.323721735671
primary,second,many_breakpoints,many_breakpoints_n360_m6_g18_s12,7,8425.323721735274,compressed,360,4.706521708477756e-14,3,8425.323721735671,0.40550291701219976,12,tolerance,24,8425.323721735671
primary,first,many_breakpoints,many_breakpoints_n360_m6_g18_s12,7,8425.323721735274,compressed,360,4.706521708477756e-14,4,8425.323721735671,0.4082992500625551,12,tolerance,24,8425.323721735671
primary,second,many_breakpoints,many_breakpoints_n360_m6_g18_s12,7,8425.323721735274,clique,360,0.0,0,8428.460898233889,0.500915708951652,12,exact,24,8425.323721735274
primary,first,many_breakpoints,many_breakpoints_n360_m6_g18_s12,7,8425.323721735274,clique,360,0.0,1,8428.460898233889,0.49980383296497166,12,exact,24,8425.323721735274
primary,second,many_breakpoints,many_breakpoints_n360_m6_g18_s12,7,8425.323721735274,clique,360,0.0,2,8428.460898233889,0.5019585000118241,12,exact,24,8425.323721735274
primary,first,many_breakpoints,many_breakpoints_n360_m6_g18_s12,7,8425.323721735274,clique,360,0.0,3,8428.460898233889,0.4997073339764029,12,exact,24,8425.323721735274
primary,second,many_breakpoints,many_breakpoints_n360_m6_g18_s12,7,8425.323721735274,clique,360,0.0,4,8428.460898233889,0.5025278340326622,12,exact,24,8425.323721735274
primary,second,many_breakpoints,many_breakpoints_n360_m6_g18_s13,7,8441.022470983442,compressed,360,2.6893646870729695e-13,0,8441.022470985712,0.40607745898887515,13,tolerance,24,8441.022470985712
primary,first,many_breakpoints,many_breakpoints_n360_m6_g18_s13,7,8441.022470983442,compressed,360,2.6893646870729695e-13,1,8441.022470985712,0.40496674994938076,13,tolerance,24,8441.022470985712
primary,second,many_breakpoints,many_breakpoints_n360_m6_g18_s13,7,8441.022470983442,compressed,360,2.6893646870729695e-13,2,8441.022470985712,0.40676420798990875,13,tolerance,24,8441.022470985712
primary,first,many_breakpoints,many_breakpoints_n360_m6_g18_s13,7,8441.022470983442,compressed,360,2.6893646870729695e-13,3,8441.022470985712,0.4073079590452835,13,tolerance,24,8441.022470985712
primary,second,many_breakpoints,many_breakpoints_n360_m6_g18_s13,7,8441.022470983442,compressed,360,2.6893646870729695e-13,4,8441.022470985712,0.41014337493106723,13,tolerance,24,8441.022470985712
primary,first,many_breakpoints,many_breakpoints_n360_m6_g18_s13,7,8441.022470983442,clique,360,0.0,0,8443.364294545463,0.5018341660033911,13,exact,24,8441.022470983442
primary,second,many_breakpoints,many_breakpoints_n360_m6_g18_s13,7,8441.022470983442,clique,360,0.0,1,8443.364294545463,0.5033866669982672,13,exact,24,8441.022470983442
primary,first,many_breakpoints,many_breakpoints_n360_m6_g18_s13,7,8441.022470983442,clique,360,0.0,2,8443.364294545463,0.5014548340113834,13,exact,24,8441.022470983442
primary,second,many_breakpoints,many_breakpoints_n360_m6_g18_s13,7,8441.022470983442,clique,360,0.0,3,8443.364294545463,0.502576292026788,13,exact,24,8441.022470983442
primary,first,many_breakpoints,many_breakpoints_n360_m6_g18_s13,7,8441.022470983442,clique,360,0.0,4,8443.364294545463,0.5049844169989228,13,exact,24,8441.022470983442
primary,first,many_breakpoints,many_breakpoints_n360_m6_g18_s14,7,8444.381677444782,compressed,360,8.61632964035454e-15,0,8444.381677444855,0.40596962498966604,14,tolerance,24,8444.381677444855
primary,second,many_breakpoints,many_breakpoints_n360_m6_g18_s14,7,8444.381677444782,compressed,360,8.61632964035454e-15,1,8444.381677444855,0.4071305829565972,14,tolerance,24,8444.381677444855
primary,first,many_breakpoints,many_breakpoints_n360_m6_g18_s14,7,8444.381677444782,compressed,360,8.61632964035454e-15,2,8444.381677444855,0.40894570806995034,14,tolerance,24,8444.381677444855
primary,second,many_breakpoints,many_breakpoints_n360_m6_g18_s14,7,8444.381677444782,compressed,360,8.61632964035454e-15,3,8444.381677444855,0.40853466698899865,14,tolerance,24,8444.381677444855
primary,first,many_breakpoints,many_breakpoints_n360_m6_g18_s14,7,8444.381677444782,compressed,360,8.61632964035454e-15,4,8444.381677444855,0.40525924996472895,14,tolerance,24,8444.381677444855
primary,second,many_breakpoints,many_breakpoints_n360_m6_g18_s14,7,8444.381677444782,clique,360,0.0,0,8447.466934077447,0.4994839169085026,14,exact,24,8444.381677444782
primary,first,many_breakpoints,many_breakpoints_n360_m6_g18_s14,7,8444.381677444782,clique,360,0.0,1,8447.466934077447,0.49869412498082966,14,exact,24,8444.381677444782
primary,second,many_breakpoints,many_breakpoints_n360_m6_g18_s14,7,8444.381677444782,clique,360,0.0,2,8447.466934077447,0.49921970802824944,14,exact,24,8444.381677444782
primary,first,many_breakpoints,many_breakpoints_n360_m6_g18_s14,7,8444.381677444782,clique,360,0.0,3,8447.466934077447,0.49840045801829547,14,exact,24,8444.381677444782
primary,second,many_breakpoints,many_breakpoints_n360_m6_g18_s14,7,8444.381677444782,clique,360,0.0,4,8447.466934077447,0.5004719579592347,14,exact,24,8444.381677444782
primary,second,many_breakpoints,many_breakpoints_n360_m6_g18_s15,7,8462.021547277482,compressed,360,1.2661097028678804e-13,0,8462.021547278553,0.4042173749767244,15,tolerance,24,8462.021547278553
primary,first,many_breakpoints,many_breakpoints_n360_m6_g18_s15,7,8462.021547277482,compressed,360,1.2661097028678804e-13,1,8462.021547278553,0.40719741594512016,15,tolerance,24,8462.021547278553
primary,second,many_breakpoints,many_breakpoints_n360_m6_g18_s15,7,8462.021547277482,compressed,360,1.2661097028678804e-13,2,8462.021547278553,0.40731491695623845,15,tolerance,24,8462.021547278553
primary,first,many_breakpoints,many_breakpoints_n360_m6_g18_s15,7,8462.021547277482,compressed,360,1.2661097028678804e-13,3,8462.021547278553,0.4044253329047933,15,tolerance,24,8462.021547278553
primary,second,many_breakpoints,many_breakpoints_n360_m6_g18_s15,7,8462.021547277482,compressed,360,1.2661097028678804e-13,4,8462.021547278553,0.4066299159312621,15,tolerance,24,8462.021547278553
primary,first,many_breakpoints,many_breakpoints_n360_m6_g18_s15,7,8462.021547277482,clique,360,0.0,0,8464.37699997719,0.5016307079931721,15,exact,24,8462.021547277482
primary,second,many_breakpoints,many_breakpoints_n360_m6_g18_s15,7,8462.021547277482,clique,360,0.0,1,8464.37699997719,0.5026529579190537,15,exact,24,8462.021547277482
primary,first,many_breakpoints,many_breakpoints_n360_m6_g18_s15,7,8462.021547277482,clique,360,0.0,2,8464.37699997719,0.5033218340249732,15,exact,24,8462.021547277482
primary,second,many_breakpoints,many_breakpoints_n360_m6_g18_s15,7,8462.021547277482,clique,360,0.0,3,8464.37699997719,0.5011040840763599,15,exact,24,8462.021547277482
primary,first,many_breakpoints,many_breakpoints_n360_m6_g18_s15,7,8462.021547277482,clique,360,0.0,4,8464.37699997719,0.5011150829959661,15,exact,24,8462.021547277482
primary,second,many_breakpoints,many_breakpoints_n720_m6_g26_s11,7,16724.88514814325,compressed,720,7.693891975401002e-07,0,16724.898016089213,0.8221987079596147,11,tolerance,24,16724.898016089213
primary,first,many_breakpoints,many_breakpoints_n720_m6_g26_s11,7,16724.88514814325,compressed,720,7.693891975401002e-07,1,16724.898016089213,0.8306814590469003,11,tolerance,24,16724.898016089213
primary,second,many_breakpoints,many_breakpoints_n720_m6_g26_s11,7,16724.88514814325,compressed,720,7.693891975401002e-07,2,16724.898016089213,0.8274577079573646,11,tolerance,24,16724.898016089213
primary,first,many_breakpoints,many_breakpoints_n720_m6_g26_s11,7,16724.88514814325,compressed,720,7.693891975401002e-07,3,16724.898016089213,0.8275889999931678,11,tolerance,24,16724.898016089213
primary,second,many_breakpoints,many_breakpoints_n720_m6_g26_s11,7,16724.88514814325,compressed,720,7.693891975401002e-07,4,16724.898016089213,0.8253639580216259,11,tolerance,24,16724.898016089213
primary,first,many_breakpoints,many_breakpoints_n720_m6_g26_s11,7,16724.88514814325,clique,720,7.693890683338669e-07,0,16750.367449519636,1.1115990419639274,11,tolerance,24,16724.898016087052
primary,second,many_breakpoints,many_breakpoints_n720_m6_g26_s11,7,16724.88514814325,clique,720,7.693890683338669e-07,1,16750.367449519636,1.110999166034162,11,tolerance,24,16724.898016087052
primary,first,many_breakpoints,many_breakpoints_n720_m6_g26_s11,7,16724.88514814325,clique,720,7.693890683338669e-07,2,16750.367449519636,1.1089692079694942,11,tolerance,24,16724.898016087052
primary,second,many_breakpoints,many_breakpoints_n720_m6_g26_s11,7,16724.88514814325,clique,720,7.693890683338669e-07,3,16750.367449519636,1.1103424580069259,11,tolerance,24,16724.898016087052
primary,first,many_breakpoints,many_breakpoints_n720_m6_g26_s11,7,16724.88514814325,clique,720,7.693890683338669e-07,4,16750.367449519636,1.1139767080312595,11,tolerance,24,16724.898016087052
primary,first,many_breakpoints,many_breakpoints_n720_m6_g26_s12,7,16673.29704236421,compressed,720,7.786024546501625e-07,0,16673.310024234215,0.8366482499986887,12,tolerance,24,16673.310024234215
primary,second,many_breakpoints,many_breakpoints_n720_m6_g26_s12,7,16673.29704236421,compressed,720,7.786024546501625e-07,1,16673.310024234215,0.8292167920153588,12,tolerance,24,16673.310024234215
primary,first,many_breakpoints,many_breakpoints_n720_m6_g26_s12,7,16673.29704236421,compressed,720,7.786024546501625e-07,2,16673.310024234215,0.8367967919912189,12,tolerance,24,16673.310024234215
primary,second,many_breakpoints,many_breakpoints_n720_m6_g26_s12,7,16673.29704236421,compressed,720,7.786024546501625e-07,3,16673.310024234215,0.838527417043224,12,tolerance,24,16673.310024234215
primary,first,many_breakpoints,many_breakpoints_n720_m6_g26_s12,7,16673.29704236421,compressed,720,7.786024546501625e-07,4,16673.310024234215,0.8306769169867039,12,tolerance,24,16673.310024234215
primary,second,many_breakpoints,many_breakpoints_n720_m6_g26_s12,7,16673.29704236421,clique,720,7.786023542818763e-07,0,16700.956971301068,1.0983818749664351,12,tolerance,24,16673.31002423254
primary,first,many_breakpoints,many_breakpoints_n720_m6_g26_s12,7,16673.29704236421,clique,720,7.786023542818763e-07,1,16700.956971301068,1.1038764580152929,12,tolerance,24,16673.31002423254
primary,second,many_breakpoints,many_breakpoints_n720_m6_g26_s12,7,16673.29704236421,clique,720,7.786023542818763e-07,2,16700.956971301068,1.0981003330089152,12,tolerance,24,16673.31002423254
primary,first,many_breakpoints,many_breakpoints_n720_m6_g26_s12,7,16673.29704236421,clique,720,7.786023542818763e-07,3,16700.956971301068,1.1013345830142498,12,tolerance,24,16673.31002423254
primary,second,many_breakpoints,many_breakpoints_n720_m6_g26_s12,7,16673.29704236421,clique,720,7.786023542818763e-07,4,16700.956971301068,1.0993611250305548,12,tolerance,24,16673.31002423254
primary,second,many_breakpoints,many_breakpoints_n720_m6_g26_s13,7,16699.58750759137,compressed,720,7.752848958047556e-07,0,16699.60045452933,0.8295274169649929,13,tolerance,24,16699.60045452933
primary,first,many_breakpoints,many_breakpoints_n720_m6_g26_s13,7,16699.58750759137,compressed,720,7.752848958047556e-07,1,16699.60045452933,0.8279323329916224,13,tolerance,24,16699.60045452933
primary,second,many_breakpoints,many_breakpoints_n720_m6_g26_s13,7,16699.58750759137,compressed,720,7.752848958047556e-07,2,16699.60045452933,0.8247731670271605,13,tolerance,24,16699.60045452933
primary,first,many_breakpoints,many_breakpoints_n720_m6_g26_s13,7,16699.58750759137,compressed,720,7.752848958047556e-07,3,16699.60045452933,0.8367116670124233,13,tolerance,24,16699.60045452933
primary,second,many_breakpoints,many_breakpoints_n720_m6_g26_s13,7,16699.58750759137,compressed,720,7.752848958047556e-07,4,16699.60045452933,0.8195773750776425,13,tolerance,24,16699.60045452933
primary,first,many_breakpoints,many_breakpoints_n720_m6_g26_s13,7,16699.58750759137,clique,720,7.752848452639214e-07,0,16726.319341256836,1.1277923750458285,13,tolerance,24,16699.600454528485
primary,second,many_breakpoints,many_breakpoints_n720_m6_g26_s13,7,16699.58750759137,clique,720,7.752848452639214e-07,1,16726.319341256836,1.124513000017032,13,tolerance,24,16699.600454528485
primary,first,many_breakpoints,many_breakpoints_n720_m6_g26_s13,7,16699.58750759137,clique,720,7.752848452639214e-07,2,16726.319341256836,1.1276304579805583,13,tolerance,24,16699.600454528485
primary,second,many_breakpoints,many_breakpoints_n720_m6_g26_s13,7,16699.58750759137,clique,720,7.752848452639214e-07,3,16726.319341256836,1.1292440419783816,13,tolerance,24,16699.600454528485
primary,first,many_breakpoints,many_breakpoints_n720_m6_g26_s13,7,16699.58750759137,clique,720,7.752848452639214e-07,4,16726.319341256836,1.1288998749805614,13,tolerance,24,16699.600454528485
primary,first,many_breakpoints,many_breakpoints_n720_m6_g26_s14,7,16679.650890629066,compressed,720,7.863411690846829e-07,0,16679.664006525247,0.8194414590252563,14,tolerance,24,16679.664006525247
primary,second,many_breakpoints,many_breakpoints_n720_m6_g26_s14,7,16679.650890629066,compressed,720,7.863411690846829e-07,1,16679.664006525247,0.8162587500410154,14,tolerance,24,16679.664006525247
primary,first,many_breakpoints,many_breakpoints_n720_m6_g26_s14,7,16679.650890629066,compressed,720,7.863411690846829e-07,2,16679.664006525247,0.8256357499631122,14,tolerance,24,16679.664006525247
primary,second,many_breakpoints,many_breakpoints_n720_m6_g26_s14,7,16679.650890629066,compressed,720,7.863411690846829e-07,3,16679.664006525247,0.8355025829514489,14,tolerance,24,16679.664006525247
primary,first,many_breakpoints,many_breakpoints_n720_m6_g26_s14,7,16679.650890629066,compressed,720,7.863411690846829e-07,4,16679.664006525247,0.8198614160064608,14,tolerance,24,16679.664006525247
primary,second,many_breakpoints,many_breakpoints_n720_m6_g26_s14,7,16679.650890629066,clique,720,7.863411239361593e-07,0,16707.846314543425,1.1180898329475895,14,tolerance,24,16679.664006524494
primary,first,many_breakpoints,many_breakpoints_n720_m6_g26_s14,7,16679.650890629066,clique,720,7.863411239361593e-07,1,16707.846314543425,1.116959249950014,14,tolerance,24,16679.664006524494
primary,second,many_breakpoints,many_breakpoints_n720_m6_g26_s14,7,16679.650890629066,clique,720,7.863411239361593e-07,2,16707.846314543425,1.1203160000732169,14,tolerance,24,16679.664006524494
primary,first,many_breakpoints,many_breakpoints_n720_m6_g26_s14,7,16679.650890629066,clique,720,7.863411239361593e-07,3,16707.846314543425,1.1194842079421505,14,tolerance,24,16679.664006524494
primary,second,many_breakpoints,many_breakpoints_n720_m6_g26_s14,7,16679.650890629066,clique,720,7.863411239361593e-07,4,16707.846314543425,1.1181935829808936,14,tolerance,24,16679.664006524494
primary,second,many_breakpoints,many_breakpoints_n720_m6_g26_s15,7,16686.13850224961,compressed,720,7.924105966427805e-07,0,16686.151724522577,0.8386660000542179,15,tolerance,24,16686.151724522577
primary,first,many_breakpoints,many_breakpoints_n720_m6_g26_s15,7,16686.13850224961,compressed,720,7.924105966427805e-07,1,16686.151724522577,0.8373621250502765,15,tolerance,24,16686.151724522577
primary,second,many_breakpoints,many_breakpoints_n720_m6_g26_s15,7,16686.13850224961,compressed,720,7.924105966427805e-07,2,16686.151724522577,0.8396280410233885,15,tolerance,24,16686.151724522577
primary,first,many_breakpoints,many_breakpoints_n720_m6_g26_s15,7,16686.13850224961,compressed,720,7.924105966427805e-07,3,16686.151724522577,0.8370115419384092,15,tolerance,24,16686.151724522577
primary,second,many_breakpoints,many_breakpoints_n720_m6_g26_s15,7,16686.13850224961,compressed,720,7.924105966427805e-07,4,16686.151724522577,0.8351943750167266,15,tolerance,24,16686.151724522577
primary,first,many_breakpoints,many_breakpoints_n720_m6_g26_s15,7,16686.13850224961,clique,720,7.924105447530663e-07,0,16714.76366963374,1.1207721250830218,15,tolerance,24,16686.15172452171
primary,second,many_breakpoints,many_breakpoints_n720_m6_g26_s15,7,16686.13850224961,clique,720,7.924105447530663e-07,1,16714.76366963374,1.122395500075072,15,tolerance,24,16686.15172452171
primary,first,many_breakpoints,many_breakpoints_n720_m6_g26_s15,7,16686.13850224961,clique,720,7.924105447530663e-07,2,16714.76366963374,1.1259197919862345,15,tolerance,24,16686.15172452171
primary,second,many_breakpoints,many_breakpoints_n720_m6_g26_s15,7,16686.13850224961,clique,720,7.924105447530663e-07,3,16714.76366963374,1.1318983329692855,15,tolerance,24,16686.15172452171
primary,first,many_breakpoints,many_breakpoints_n720_m6_g26_s15,7,16686.13850224961,clique,720,7.924105447530663e-07,4,16714.76366963374,1.137129292008467,15,tolerance,24,16686.15172452171
primary,second,many_breakpoints,many_breakpoints_n1440_m6_g37_s11,8,32888.02010478338,compressed,1440,2.072181088091185e-07,0,32888.02691977671,1.9454626670340076,11,tolerance,27,32888.02691977671
primary,first,many_breakpoints,many_breakpoints_n1440_m6_g37_s11,8,32888.02010478338,compressed,1440,2.072181088091185e-07,1,32888.02691977671,1.9407376250019297,11,tolerance,27,32888.02691977671
primary,second,many_breakpoints,many_breakpoints_n1440_m6_g37_s11,8,32888.02010478338,compressed,1440,2.072181088091185e-07,2,32888.02691977671,1.9352011670125648,11,tolerance,27,32888.02691977671
primary,first,many_breakpoints,many_breakpoints_n1440_m6_g37_s11,8,32888.02010478338,compressed,1440,2.072181088091185e-07,3,32888.02691977671,1.938918709056452,11,tolerance,27,32888.02691977671
primary,second,many_breakpoints,many_breakpoints_n1440_m6_g37_s11,8,32888.02010478338,compressed,1440,2.072181088091185e-07,4,32888.02691977671,1.9379817500011995,11,tolerance,27,32888.02691977671
primary,first,many_breakpoints,many_breakpoints_n1440_m6_g37_s11,8,32888.02010478338,clique,1440,2.0721808978297e-07,0,33037.40991377305,3.3079866669140756,11,tolerance,27,32888.026919776086
primary,second,many_breakpoints,many_breakpoints_n1440_m6_g37_s11,8,32888.02010478338,clique,1440,2.0721808978297e-07,1,33037.40991377305,3.293192832963541,11,tolerance,27,32888.026919776086
primary,first,many_breakpoints,many_breakpoints_n1440_m6_g37_s11,8,32888.02010478338,clique,1440,2.0721808978297e-07,2,33037.40991377305,3.290357833961025,11,tolerance,27,32888.026919776086
primary,second,many_breakpoints,many_breakpoints_n1440_m6_g37_s11,8,32888.02010478338,clique,1440,2.0721808978297e-07,3,33037.40991377305,3.2995576249668375,11,tolerance,27,32888.026919776086
primary,first,many_breakpoints,many_breakpoints_n1440_m6_g37_s11,8,32888.02010478338,clique,1440,2.0721808978297e-07,4,33037.40991377305,3.2926836661063135,11,tolerance,27,32888.026919776086
primary,first,many_breakpoints,many_breakpoints_n1440_m6_g37_s12,8,32907.73910974473,compressed,1440,2.078760119789051e-07,0,32907.7459504743,1.9320209580473602,12,tolerance,27,32907.7459504743
primary,second,many_breakpoints,many_breakpoints_n1440_m6_g37_s12,8,32907.73910974473,compressed,1440,2.078760119789051e-07,1,32907.7459504743,1.9463525830069557,12,tolerance,27,32907.7459504743
primary,first,many_breakpoints,many_breakpoints_n1440_m6_g37_s12,8,32907.73910974473,compressed,1440,2.078760119789051e-07,2,32907.7459504743,1.9348812920507044,12,tolerance,27,32907.7459504743
primary,second,many_breakpoints,many_breakpoints_n1440_m6_g37_s12,8,32907.73910974473,compressed,1440,2.078760119789051e-07,3,32907.7459504743,1.9485301669919863,12,tolerance,27,32907.7459504743
primary,first,many_breakpoints,many_breakpoints_n1440_m6_g37_s12,8,32907.73910974473,compressed,1440,2.078760119789051e-07,4,32907.7459504743,1.9396104579791427,12,tolerance,27,32907.7459504743
primary,second,many_breakpoints,many_breakpoints_n1440_m6_g37_s12,8,32907.73910974473,clique,1440,2.0787601286331199e-07,0,33059.28078411112,3.386636457988061,12,tolerance,27,32907.74595047433
primary,first,many_breakpoints,many_breakpoints_n1440_m6_g37_s12,8,32907.73910974473,clique,1440,2.0787601286331199e-07,1,33059.28078411112,3.390483833034523,12,tolerance,27,32907.74595047433
primary,second,many_breakpoints,many_breakpoints_n1440_m6_g37_s12,8,32907.73910974473,clique,1440,2.0787601286331199e-07,2,33059.28078411112,3.390758667024784,12,tolerance,27,32907.74595047433
primary,first,many_breakpoints,many_breakpoints_n1440_m6_g37_s12,8,32907.73910974473,clique,1440,2.0787601286331199e-07,3,33059.28078411112,3.3886322919279337,12,tolerance,27,32907.74595047433
primary,second,many_breakpoints,many_breakpoints_n1440_m6_g37_s12,8,32907.73910974473,clique,1440,2.0787601286331199e-07,4,33059.28078411112,3.387911834055558,12,tolerance,27,32907.74595047433
primary,second,many_breakpoints,many_breakpoints_n1440_m6_g37_s13,8,32909.48651422347,compressed,1440,2.0653662196925167e-07,0,32909.493311237646,1.958155124913901,13,tolerance,27,32909.493311237646
primary,first,many_breakpoints,many_breakpoints_n1440_m6_g37_s13,8,32909.48651422347,compressed,1440,2.0653662196925167e-07,1,32909.493311237646,1.9463839998934418,13,tolerance,27,32909.493311237646
primary,second,many_breakpoints,many_breakpoints_n1440_m6_g37_s13,8,32909.48651422347,compressed,1440,2.0653662196925167e-07,2,32909.493311237646,1.9672819999977946,13,tolerance,27,32909.493311237646
primary,first,many_breakpoints,many_breakpoints_n1440_m6_g37_s13,8,32909.48651422347,compressed,1440,2.0653662196925167e-07,3,32909.493311237646,1.9467420420842245,13,tolerance,27,32909.493311237646
primary,second,many_breakpoints,many_breakpoints_n1440_m6_g37_s13,8,32909.48651422347,compressed,1440,2.0653662196925167e-07,4,32909.493311237646,1.9659721250645816,13,tolerance,27,32909.493311237646
primary,first,many_breakpoints,many_breakpoints_n1440_m6_g37_s13,8,32909.48651422347,clique,1440,2.0653661135693279e-07,0,33057.573374305066,3.364909791969694,13,tolerance,27,32909.4933112373
primary,second,many_breakpoints,many_breakpoints_n1440_m6_g37_s13,8,32909.48651422347,clique,1440,2.0653661135693279e-07,1,33057.573374305066,3.3648228329839185,13,tolerance,27,32909.4933112373
primary,first,many_breakpoints,many_breakpoints_n1440_m6_g37_s13,8,32909.48651422347,clique,1440,2.0653661135693279e-07,2,33057.573374305066,3.3650221249554306,13,tolerance,27,32909.4933112373
primary,second,many_breakpoints,many_breakpoints_n1440_m6_g37_s13,8,32909.48651422347,clique,1440,2.0653661135693279e-07,3,33057.573374305066,3.377495291060768,13,tolerance,27,32909.4933112373
primary,first,many_breakpoints,many_breakpoints_n1440_m6_g37_s13,8,32909.48651422347,clique,1440,2.0653661135693279e-07,4,33057.573374305066,3.3904649160103872,13,tolerance,27,32909.4933112373
primary,first,many_breakpoints,many_breakpoints_n1440_m6_g37_s14,8,32864.01859783578,compressed,1440,2.071950767938204e-07,0,32864.025407098634,1.9530244590714574,14,tolerance,27,32864.025407098634
primary,second,many_breakpoints,many_breakpoints_n1440_m6_g37_s14,8,32864.01859783578,compressed,1440,2.071950767938204e-07,1,32864.025407098634,1.9487275830470026,14,tolerance,27,32864.025407098634
primary,first,many_breakpoints,many_breakpoints_n1440_m6_g37_s14,8,32864.01859783578,compressed,1440,2.071950767938204e-07,2,32864.025407098634,1.955484666978009,14,tolerance,27,32864.025407098634
primary,second,many_breakpoints,many_breakpoints_n1440_m6_g37_s14,8,32864.01859783578,compressed,1440,2.071950767938204e-07,3,32864.025407098634,1.9616573340026662,14,tolerance,27,32864.025407098634
primary,first,many_breakpoints,many_breakpoints_n1440_m6_g37_s14,8,32864.01859783578,compressed,1440,2.071950767938204e-07,4,32864.025407098634,1.9622044170973822,14,tolerance,27,32864.025407098634
primary,second,many_breakpoints,many_breakpoints_n1440_m6_g37_s14,8,32864.01859783578,clique,1440,2.0719505576121383e-07,0,33012.10019356814,3.2282188748940825,14,tolerance,27,32864.02540709794
primary,first,many_breakpoints,many_breakpoints_n1440_m6_g37_s14,8,32864.01859783578,clique,1440,2.0719505576121383e-07,1,33012.10019356814,3.200926166959107,14,tolerance,27,32864.02540709794
primary,second,many_breakpoints,many_breakpoints_n1440_m6_g37_s14,8,32864.01859783578,clique,1440,2.0719505576121383e-07,2,33012.10019356814,3.1994270420400426,14,tolerance,27,32864.02540709794
primary,first,many_breakpoints,many_breakpoints_n1440_m6_g37_s14,8,32864.01859783578,clique,1440,2.0719505576121383e-07,3,33012.10019356814,3.1969156250124797,14,tolerance,27,32864.02540709794
primary,second,many_breakpoints,many_breakpoints_n1440_m6_g37_s14,8,32864.01859783578,clique,1440,2.0719505576121383e-07,4,33012.10019356814,3.2036534580402076,14,tolerance,27,32864.02540709794
primary,second,many_breakpoints,many_breakpoints_n1440_m6_g37_s15,8,32890.658385763025,compressed,1440,2.0571968048208258e-07,0,32890.66515201876,1.955077417078428,15,tolerance,27,32890.66515201876
primary,first,many_breakpoints,many_breakpoints_n1440_m6_g37_s15,8,32890.658385763025,compressed,1440,2.0571968048208258e-07,1,32890.66515201876,1.9504169170977548,15,tolerance,27,32890.66515201876
primary,second,many_breakpoints,many_breakpoints_n1440_m6_g37_s15,8,32890.658385763025,compressed,1440,2.0571968048208258e-07,2,32890.66515201876,1.9349848330020905,15,tolerance,27,32890.66515201876
primary,first,many_breakpoints,many_breakpoints_n1440_m6_g37_s15,8,32890.658385763025,compressed,1440,2.0571968048208258e-07,3,32890.66515201876,1.973922249977477,15,tolerance,27,32890.66515201876
primary,second,many_breakpoints,many_breakpoints_n1440_m6_g37_s15,8,32890.658385763025,compressed,1440,2.0571968048208258e-07,4,32890.66515201876,1.9545799170155078,15,tolerance,27,32890.66515201876
primary,first,many_breakpoints,many_breakpoints_n1440_m6_g37_s15,8,32890.658385763025,clique,1440,2.05719665881791e-07,0,33034.71735088647,3.387426625005901,15,tolerance,27,32890.66515201828
primary,second,many_breakpoints,many_breakpoints_n1440_m6_g37_s15,8,32890.658385763025,clique,1440,2.05719665881791e-07,1,33034.71735088647,3.387942750006914,15,tolerance,27,32890.66515201828
primary,first,many_breakpoints,many_breakpoints_n1440_m6_g37_s15,8,32890.658385763025,clique,1440,2.05719665881791e-07,2,33034.71735088647,3.3813296670559794,15,tolerance,27,32890.66515201828
primary,second,many_breakpoints,many_breakpoints_n1440_m6_g37_s15,8,32890.658385763025,clique,1440,2.05719665881791e-07,3,33034.71735088647,3.3890134999528527,15,tolerance,27,32890.66515201828
primary,first,many_breakpoints,many_breakpoints_n1440_m6_g37_s15,8,32890.658385763025,clique,1440,2.05719665881791e-07,4,33034.71735088647,3.3811339169042185,15,tolerance,27,32890.66515201828
