configuration,execution_order,family,instance,interval_splits,lower_bound,method,n,relative_gap,repeat,root_upper_bound,seconds,seed,status,theta_lp_evaluations,upper_bound
primary,second,dense_frontier,dense_frontier_n360_m6_g18_s11,3,9029.8195806245,compressed,360,1.2650588809968172e-13,0,9029.819580625643,0.0832329580152873,11,tolerance,12,9029.819580625643
primary,first,dense_frontier,dense_frontier_n360_m6_g18_s11,3,9029.8195806245,compressed,360,1.2650588809968172e-13,1,9029.819580625643,0.08128775001387112,11,tolerance,12,9029.819580625643
primary,second,dense_frontier,dense_frontier_n360_m6_g18_s11,3,9029.8195806245,compressed,360,1.2650588809968172e-13,2,9029.819580625643,0.08398333299555816,11,tolerance,12,9029.819580625643
primary,first,dense_frontier,dense_frontier_n360_m6_g18_s11,3,9029.8195806245,compressed,360,1.2650588809968172e-13,3,9029.819580625643,0.0823145000031218,11,tolerance,12,9029.819580625643
primary,second,dense_frontier,dense_frontier_n360_m6_g18_s11,3,9029.8195806245,compressed,360,1.2650588809968172e-13,4,9029.819580625643,0.08201104198815301,11,tolerance,12,9029.819580625643
primary,first,dense_frontier,dense_frontier_n360_m6_g18_s11,4,9029.8195806245,clique,360,0.0,0,9038.334587804695,0.1257865419902373,11,exact,12,9029.8195806245
primary,second,dense_frontier,dense_frontier_n360_m6_g18_s11,4,9029.8195806245,clique,360,0.0,1,9038.334587804695,0.12417241701041348,11,exact,12,9029.8195806245
primary,first,dense_frontier,dense_frontier_n360_m6_g18_s11,4,9029.8195806245,clique,360,0.0,2,9038.334587804695,0.12646370902075432,11,exact,12,9029.8195806245
primary,second,dense_frontier,dense_frontier_n360_m6_g18_s11,4,9029.8195806245,clique,360,0.0,3,9038.334587804695,0.1248456249886658,11,exact,12,9029.8195806245
primary,first,dense_frontier,dense_frontier_n360_m6_g18_s11,4,9029.8195806245,clique,360,0.0,4,9038.334587804695,0.1227452080056537,11,exact,12,9029.8195806245
primary,first,dense_frontier,dense_frontier_n360_m6_g18_s12,3,9018.218983885006,compressed,360,8.211273062971351e-13,0,9018.218983892411,0.08158437500242144,12,tolerance,12,9018.218983892411
primary,second,dense_frontier,dense_frontier_n360_m6_g18_s12,3,9018.218983885006,compressed,360,8.211273062971351e-13,1,9018.218983892411,0.08087662499747239,12,tolerance,12,9018.218983892411
primary,first,dense_frontier,dense_frontier_n360_m6_g18_s12,3,9018.218983885006,compressed,360,8.211273062971351e-13,2,9018.218983892411,0.08098804199835286,12,tolerance,12,9018.218983892411
primary,second,dense_frontier,dense_frontier_n360_m6_g18_s12,3,9018.218983885006,compressed,360,8.211273062971351e-13,3,9018.218983892411,0.0809452919929754,12,tolerance,12,9018.218983892411
primary,first,dense_frontier,dense_frontier_n360_m6_g18_s12,3,9018.218983885006,compressed,360,8.211273062971351e-13,4,9018.218983892411,0.08118512501823716,12,tolerance,12,9018.218983892411
primary,second,dense_frontier,dense_frontier_n360_m6_g18_s12,4,9018.218983885006,clique,360,0.0,0,9026.788731911412,0.12390187499113381,12,exact,12,9018.218983885006
primary,first,dense_frontier,dense_frontier_n360_m6_g18_s12,4,9018.218983885006,clique,360,0.0,1,9026.788731911412,0.1236727079958655,12,exact,12,9018.218983885006
primary,second,dense_frontier,dense_frontier_n360_m6_g18_s12,4,9018.218983885006,clique,360,0.0,2,9026.788731911412,0.12826162498095073,12,exact,12,9018.218983885006
primary,first,dense_frontier,dense_frontier_n360_m6_g18_s12,4,9018.218983885006,clique,360,0.0,3,9026.788731911412,0.1252250839897897,12,exact,12,9018.218983885006
primary,second,dense_frontier,dense_frontier_n360_m6_g18_s12,4,9018.218983885006,clique,360,0.0,4,9026.788731911412,0.12589279099483974,12,exact,12,9018.218983885006
primary,second,dense_frontier,dense_frontier_n360_m6_g18_s13,3,9030.302900614979,compressed,360,1.5892962342381034e-13,0,9030.302900616414,0.0807606250164099,13,tolerance,12,9030.302900616414
primary,first,dense_frontier,dense_frontier_n360_m6_g18_s13,3,9030.302900614979,compressed,360,1.5892962342381034e-13,1,9030.302900616414,0.08044704201165587,13,tolerance,12,9030.302900616414
primary,second,dense_frontier,dense_frontier_n360_m6_g18_s13,3,9030.302900614979,compressed,360,1.5892962342381034e-13,2,9030.302900616414,0.082427417015424,13,tolerance,12,9030.302900616414
primary,first,dense_frontier,dense_frontier_n360_m6_g18_s13,3,9030.302900614979,compressed,360,1.5892962342381034e-13,3,9030.302900616414,0.08163095801137388,13,tolerance,12,9030.302900616414
primary,second,dense_frontier,dense_frontier_n360_m6_g18_s13,3,9030.302900614979,compressed,360,1.5892962342381034e-13,4,9030.302900616414,0.08208916601142846,13,tolerance,12,9030.302900616414
primary,first,dense_frontier,dense_frontier_n360_m6_g18_s13,4,9030.302900614979,clique,360,1.0071585768302303e-15,0,9039.474023286311,0.12377870897762477,13,tolerance,12,9030.302900614988
primary,second,dense_frontier,dense_frontier_n360_m6_g18_s13,4,9030.302900614979,clique,360,1.0071585768302303e-15,1,9039.474023286311,0.12296224999590777,13,tolerance,12,9030.302900614988
primary,first,dense_frontier,dense_frontier_n360_m6_g18_s13,4,9030.302900614979,clique,360,1.0071585768302303e-15,2,9039.474023286311,0.12669133400777355,13,tolerance,12,9030.302900614988
primary,second,dense_frontier,dense_frontier_n360_m6_g18_s13,4,9030.302900614979,clique,360,1.0071585768302303e-15,3,9039.474023286311,0.12523337500169873,13,tolerance,12,9030.302900614988
primary,first,dense_frontier,dense_frontier_n360_m6_g18_s13,4,9030.302900614979,clique,360,1.0071585768302303e-15,4,9039.474023286311,0.12495766600477509,13,tolerance,12,9030.302900614988
primary,first,dense_frontier,dense_frontier_n360_m6_g18_s14,3,9018.439158082054,compressed,360,4.437327366359857e-14,0,9018.439158082454,0.08308908302569762,14,tolerance,12,9018.439158082454
primary,second,dense_frontier,dense_frontier_n360_m6_g18_s14,3,9018.439158082054,compressed,360,4.437327366359857e-14,1,9018.439158082454,0.08407241699751467,14,tolerance,12,9018.439158082454
primary,first,dense_frontier,dense_frontier_n360_m6_g18_s14,3,9018.439158082054,compressed,360,4.437327366359857e-14,2,9018.439158082454,0.08317491700290702,14,tolerance,12,9018.439158082454
primary,second,dense_frontier,dense_frontier_n360_m6_g18_s14,3,9018.439158082054,compressed,360,4.437327366359857e-14,3,9018.439158082454,0.08713129098759964,14,tolerance,12,9018.439158082454
primary,first,dense_frontier,dense_frontier_n360_m6_g18_s14,3,9018.439158082054,compressed,360,4.437327366359857e-14,4,9018.439158082454,0.08749441700638272,14,tolerance,12,9018.439158082454
primary,second,dense_frontier,dense_frontier_n360_m6_g18_s14,4,9018.439158082054,clique,360,8.067867938836103e-16,0,9027.69631552296,0.12461779100704007,14,tolerance,12,9018.439158082061
primary,first,dense_frontier,dense_frontier_n360_m6_g18_s14,4,9018.439158082054,clique,360,8.067867938836103e-16,1,9027.69631552296,0.12455675000092015,14,tolerance,12,9018.439158082061
primary,second,dense_frontier,dense_frontier_n360_m6_g18_s14,4,9018.439158082054,clique,360,8.067867938836103e-16,2,9027.69631552296,0.12624275000416674,14,tolerance,12,9018.439158082061
primary,first,dense_frontier,dense_frontier_n360_m6_g18_s14,4,9018.439158082054,clique,360,8.067867938836103e-16,3,9027.69631552296,0.13161375001072884,14,tolerance,12,9018.439158082061
primary,second,dense_frontier,dense_frontier_n360_m6_g18_s14,4,9018.439158082054,clique,360,8.067867938836103e-16,4,9027.69631552296,0.13438545900862664,14,tolerance,12,9018.439158082061
primary,second,dense_frontier,dense_frontier_n360_m6_g18_s15,3,9041.10647767607,compressed,360,8.11000987965143e-13,0,9041.106477683403,0.08808024998870678,15,tolerance,12,9041.106477683403
primary,first,dense_frontier,dense_frontier_n360_m6_g18_s15,3,9041.10647767607,compressed,360,8.11000987965143e-13,1,9041.106477683403,0.08715612499509007,15,tolerance,12,9041.106477683403
primary,second,dense_frontier,dense_frontier_n360_m6_g18_s15,3,9041.10647767607,compressed,360,8.11000987965143e-13,2,9041.106477683403,0.08617558400146663,15,tolerance,12,9041.106477683403
primary,first,dense_frontier,dense_frontier_n360_m6_g18_s15,3,9041.10647767607,compressed,360,8.11000987965143e-13,3,9041.106477683403,0.08290541698806919,15,tolerance,12,9041.106477683403
primary,second,dense_frontier,dense_frontier_n360_m6_g18_s15,3,9041.10647767607,compressed,360,8.11000987965143e-13,4,9041.106477683403,0.08130241700564511,15,tolerance,12,9041.106477683403
primary,first,dense_frontier,dense_frontier_n360_m6_g18_s15,4,9041.10647767607,clique,360,0.0,0,9050.225781487485,0.18142070900648832,15,exact,12,9041.10647767607
primary,second,dense_frontier,dense_frontier_n360_m6_g18_s15,4,9041.10647767607,clique,360,0.0,1,9050.225781487485,0.1346437090251129,15,exact,12,9041.10647767607
primary,first,dense_frontier,dense_frontier_n360_m6_g18_s15,4,9041.10647767607,clique,360,0.0,2,9050.225781487485,0.1310818339989055,15,exact,12,9041.10647767607
primary,second,dense_frontier,dense_frontier_n360_m6_g18_s15,4,9041.10647767607,clique,360,0.0,3,9050.225781487485,0.12463179201586172,15,exact,12,9041.10647767607
primary,first,dense_frontier,dense_frontier_n360_m6_g18_s15,4,9041.10647767607,clique,360,0.0,4,9050.225781487485,0.12458566701388918,15,exact,12,9041.10647767607
primary,second,dense_frontier,dense_frontier_n720_m6_g26_s11,3,18129.653812233937,compressed,720,2.0588182734947493e-13,0,18129.65381223767,0.15139633297803812,11,tolerance,12,18129.65381223767
primary,first,dense_frontier,dense_frontier_n720_m6_g26_s11,3,18129.653812233937,compressed,720,2.0588182734947493e-13,1,18129.65381223767,0.15233758397516795,11,tolerance,12,18129.65381223767
primary,second,dense_frontier,dense_frontier_n720_m6_g26_s11,3,18129.653812233937,compressed,720,2.0588182734947493e-13,2,18129.65381223767,0.1525474590016529,11,tolerance,12,18129.65381223767
primary,first,dense_frontier,dense_frontier_n720_m6_g26_s11,3,18129.653812233937,compressed,720,2.0588182734947493e-13,3,18129.65381223767,0.15361708399723284,11,tolerance,12,18129.65381223767
primary,second,dense_frontier,dense_frontier_n720_m6_g26_s11,3,18129.653812233937,compressed,720,2.0588182734947493e-13,4,18129.65381223767,0.15217204098007642,11,tolerance,12,18129.65381223767
primary,first,dense_frontier,dense_frontier_n720_m6_g26_s11,4,18129.653812233937,clique,720,2.006645490735623e-16,0,18141.25165573289,0.2826243340095971,11,tolerance,12,18129.65381223394
primary,second,dense_frontier,dense_frontier_n720_m6_g26_s11,4,18129.653812233937,clique,720,2.006645490735623e-16,1,18141.25165573289,0.28243954200297594,11,tolerance,12,18129.65381223394
primary,first,dense_frontier,dense_frontier_n720_m6_g26_s11,4,18129.653812233937,clique,720,2.006645490735623e-16,2,18141.25165573289,0.2840014999965206,11,tolerance,12,18129.65381223394
primary,second,dense_frontier,dense_frontier_n720_m6_g26_s11,4,18129.653812233937,clique,720,2.006645490735623e-16,3,18141.25165573289,0.2838200000114739,11,tolerance,12,18129.65381223394
primary,first,dense_frontier,dense_frontier_n720_m6_g26_s11,4,18129.653812233937,clique,720,2.006645490735623e-16,4,18141.25165573289,0.2831733329803683,11,tolerance,12,18129.65381223394
primary,first,dense_frontier,dense_frontier_n720_m6_g26_s12,0,18108.559134444902,compressed,720,4.580481317473615e-14,0,18108.55913444573,0.06726745798368938,12,tolerance,3,18108.55913444573
primary,second,dense_frontier,dense_frontier_n720_m6_g26_s12,0,18108.559134444902,compressed,720,4.580481317473615e-14,1,18108.55913444573,0.06675066699972376,12,tolerance,3,18108.55913444573
primary,first,dense_frontier,dense_frontier_n720_m6_g26_s12,0,18108.559134444902,compressed,720,4.580481317473615e-14,2,18108.55913444573,0.06687408400466666,12,tolerance,3,18108.55913444573
primary,second,dense_frontier,dense_frontier_n720_m6_g26_s12,0,18108.559134444902,compressed,720,4.580481317473615e-14,3,18108.55913444573,0.06692508299602196,12,tolerance,3,18108.55913444573
primary,first,dense_frontier,dense_frontier_n720_m6_g26_s12,0,18108.559134444902,compressed,720,4.580481317473615e-14,4,18108.55913444573,0.06658608300494961,12,tolerance,3,18108.55913444573
primary,second,dense_frontier,dense_frontier_n720_m6_g26_s12,3,18108.559134444902,clique,720,1.0044915169898279e-15,0,18120.245684641603,0.259090457984712,12,tolerance,12,18108.55913444492
primary,first,dense_frontier,dense_frontier_n720_m6_g26_s12,3,18108.559134444902,clique,720,1.0044915169898279e-15,1,18120.245684641603,0.2571723749861121,12,tolerance,12,18108.55913444492
primary,second,dense_frontier,dense_frontier_n720_m6_g26_s12,3,18108.559134444902,clique,720,1.0044915169898279e-15,2,18120.245684641603,0.25753762500244193,12,tolerance,12,18108.55913444492
primary,first,dense_frontier,dense_frontier_n720_m6_g26_s12,3,18108.559134444902,clique,720,1.0044915169898279e-15,3,18120.245684641603,0.2589753750071395,12,tolerance,12,18108.55913444492
primary,second,dense_frontier,dense_frontier_n720_m6_g26_s12,3,18108.559134444902,clique,720,1.0044915169898279e-15,4,18120.245684641603,0.25723675001063384,12,tolerance,12,18108.55913444492
primary,second,dense_frontier,dense_frontier_n720_m6_g26_s13,0,18105.582035647396,compressed,720,4.969031966066874e-13,0,18105.582035656393,0.06632479201653041,13,tolerance,3,18105.582035656393
primary,first,dense_frontier,dense_frontier_n720_m6_g26_s13,0,18105.582035647396,compressed,720,4.969031966066874e-13,1,18105.582035656393,0.06639687498682179,13,tolerance,3,18105.582035656393
primary,second,dense_frontier,dense_frontier_n720_m6_g26_s13,0,18105.582035647396,compressed,720,4.969031966066874e-13,2,18105.582035656393,0.06627545898663811,13,tolerance,3,18105.582035656393
primary,first,dense_frontier,dense_frontier_n720_m6_g26_s13,0,18105.582035647396,compressed,720,4.969031966066874e-13,3,18105.582035656393,0.06782658401061781,13,tolerance,3,18105.582035656393
primary,second,dense_frontier,dense_frontier_n720_m6_g26_s13,0,18105.582035647396,compressed,720,4.969031966066874e-13,4,18105.582035656393,0.06638529201154597,13,tolerance,3,18105.582035656393
primary,first,dense_frontier,dense_frontier_n720_m6_g26_s13,4,18105.582035647396,clique,720,0.0,0,18117.54301419809,0.28243470800225623,13,exact,12,18105.582035647396
primary,second,dense_frontier,dense_frontier_n720_m6_g26_s13,4,18105.582035647396,clique,720,0.0,1,18117.54301419809,0.2827507910260465,13,exact,12,18105.582035647396
primary,first,dense_frontier,dense_frontier_n720_m6_g26_s13,4,18105.582035647396,clique,720,0.0,2,18117.54301419809,0.28213241702178493,13,exact,12,18105.582035647396
primary,second,dense_frontier,dense_frontier_n720_m6_g26_s13,4,18105.582035647396,clique,720,0.0,3,18117.54301419809,0.28364825001335703,13,exact,12,18105.582035647396
primary,first,dense_frontier,dense_frontier_n720_m6_g26_s13,4,18105.582035647396,clique,720,0.0,4,18117.54301419809,0.2847220830153674,13,exact,12,18105.582035647396
primary,first,dense_frontier,dense_frontier_n720_m6_g26_s14,0,18111.93633622501,compressed,720,1.1147776805606462e-13,0,18111.93633622703,0.06660670897690579,14,tolerance,3,18111.93633622703
primary,second,dense_frontier,dense_frontier_n720_m6_g26_s14,0,18111.93633622501,compressed,720,1.1147776805606462e-13,1,18111.93633622703,0.06620354199549183,14,tolerance,3,18111.93633622703
primary,first,dense_frontier,dense_frontier_n720_m6_g26_s14,0,18111.93633622501,compressed,720,1.1147776805606462e-13,2,18111.93633622703,0.0660894580068998,14,tolerance,3,18111.93633622703
primary,second,dense_frontier,dense_frontier_n720_m6_g26_s14,0,18111.93633622501,compressed,720,1.1147776805606462e-13,3,18111.93633622703,0.06602854101220146,14,tolerance,3,18111.93633622703
primary,first,dense_frontier,dense_frontier_n720_m6_g26_s14,0,18111.93633622501,compressed,720,1.1147776805606462e-13,4,18111.93633622703,0.06625691699446179,14,tolerance,3,18111.93633622703
primary,second,dense_frontier,dense_frontier_n720_m6_g26_s14,4,18111.93633622501,clique,720,0.0,0,18122.728441488915,0.2887761669990141,14,exact,12,18111.93633622501
primary,first,dense_frontier,dense_frontier_n720_m6_g26_s14,4,18111.93633622501,clique,720,0.0,1,18122.728441488915,0.2874577920010779,14,exact,12,18111.93633622501
primary,second,dense_frontier,dense_frontier_n720_m6_g26_s14,4,18111.93633622501,clique,720,0.0,2,18122.728441488915,0.28635012501035817,14,exact,12,18111.93633622501
primary,first,dense_frontier,dense_frontier_n720_m6_g26_s14,4,18111.93633622501,clique,720,0.0,3,18122.728441488915,0.2874971670098603,14,exact,12,18111.93633622501
primary,second,dense_frontier,dense_frontier_n720_m6_g26_s14,4,18111.93633622501,clique,720,0.0,4,18122.728441488915,0.2870086249895394,14,exact,12,18111.93633622501
primary,second,dense_frontier,dense_frontier_n720_m6_g26_s15,0,18112.49224024384,compressed,720,7.913674335823143e-14,0,18112.492240245272,0.0663125840073917,15,tolerance,3,18112.492240245272
primary,first,dense_frontier,dense_frontier_n720_m6_g26_s15,0,18112.49224024384,compressed,720,7.913674335823143e-14,1,18112.492240245272,0.06639045901829377,15,tolerance,3,18112.492240245272
primary,second,dense_frontier,dense_frontier_n720_m6_g26_s15,0,18112.49224024384,compressed,720,7.913674335823143e-14,2,18112.492240245272,0.06631291602388956,15,tolerance,3,18112.492240245272
primary,first,dense_frontier,dense_frontier_n720_m6_g26_s15,0,18112.49224024384,compressed,720,7.913674335823143e-14,3,18112.492240245272,0.06616979200043716,15,tolerance,3,18112.492240245272
primary,second,dense_frontier,dense_frontier_n720_m6_g26_s15,0,18112.49224024384,compressed,720,7.913674335823143e-14,4,18112.492240245272,0.06645254098111764,15,tolerance,3,18112.492240245272
primary,first,dense_frontier,dense_frontier_n720_m6_g26_s15,4,18112.49224024384,clique,720,0.0,0,18124.2966667945,0.2861138329899404,15,exact,12,18112.49224024384
primary,second,dense_frontier,dense_frontier_n720_m6_g26_s15,4,18112.49224024384,clique,720,0.0,1,18124.2966667945,0.2890241249988321,15,exact,12,18112.49224024384
primary,first,dense_frontier,dense_frontier_n720_m6_g26_s15,4,18112.49224024384,clique,720,0.0,2,18124.2966667945,0.2881790000246838,15,exact,12,18112.49224024384
primary,second,dense_frontier,dense_frontier_n720_m6_g26_s15,4,18112.49224024384,clique,720,0.0,3,18124.2966667945,0.2863398750196211,15,exact,12,18112.49224024384
primary,first,dense_frontier,dense_frontier_n720_m6_g26_s15,4,18112.49224024384,clique,720,0.0,4,18124.2966667945,0.2887517919880338,15,exact,12,18112.49224024384
primary,second,dense_frontier,dense_frontier_n1440_m6_g37_s11,0,36315.70585434505,compressed,1440,8.815528364176538e-14,0,36315.70585434825,0.1302229579887353,11,tolerance,3,36315.70585434825
primary,first,dense_frontier,dense_frontier_n1440_m6_g37_s11,0,36315.70585434505,compressed,1440,8.815528364176538e-14,1,36315.70585434825,0.1289962090086192,11,tolerance,3,36315.70585434825
primary,second,dense_frontier,dense_frontier_n1440_m6_g37_s11,0,36315.70585434505,compressed,1440,8.815528364176538e-14,2,36315.70585434825,0.12948920798953623,11,tolerance,3,36315.70585434825
primary,first,dense_frontier,dense_frontier_n1440_m6_g37_s11,0,36315.70585434505,compressed,1440,8.815528364176538e-14,3,36315.70585434825,0.13133591701625846,11,tolerance,3,36315.70585434825
primary,second,dense_frontier,dense_frontier_n1440_m6_g37_s11,0,36315.70585434505,compressed,1440,8.815528364176538e-14,4,36315.70585434825,0.13111145797302015,11,tolerance,3,36315.70585434825
primary,first,dense_frontier,dense_frontier_n1440_m6_g37_s11,3,36315.70585434505,clique,1440,0.0,0,36328.12668453343,0.5881847919954453,11,exact,12,36315.70585434505
primary,second,dense_frontier,dense_frontier_n1440_m6_g37_s11,3,36315.70585434505,clique,1440,0.0,1,36328.12668453343,0.5864573330036364,11,exact,12,36315.70585434505
primary,first,dense_frontier,dense_frontier_n1440_m6_g37_s11,3,36315.70585434505,clique,1440,0.0,2,36328.12668453343,0.5862863330112305,11,exact,12,36315.70585434505
primary,second,dense_frontier,dense_frontier_n1440_m6_g37_s11,3,36315.70585434505,clique,1440,0.0,3,36328.12668453343,0.5902679589926265,11,exact,12,36315.70585434505
primary,first,dense_frontier,dense_frontier_n1440_m6_g37_s11,3,36315.70585434505,clique,1440,0.0,4,36328.12668453343,0.5853626250172965,11,exact,12,36315.70585434505
primary,first,dense_frontier,dense_frontier_n1440_m6_g37_s12,0,36290.427706771385,compressed,1440,1.4435458089777726e-14,0,36290.42770677191,0.12952445799601264,12,tolerance,3,36290.42770677191
primary,second,dense_frontier,dense_frontier_n1440_m6_g37_s12,0,36290.427706771385,compressed,1440,1.4435458089777726e-14,1,36290.42770677191,0.12891387499985285,12,tolerance,3,36290.42770677191
primary,first,dense_frontier,dense_frontier_n1440_m6_g37_s12,0,36290.427706771385,compressed,1440,1.4435458089777726e-14,2,36290.42770677191,0.12813866601209156,12,tolerance,3,36290.42770677191
primary,second,dense_frontier,dense_frontier_n1440_m6_g37_s12,0,36290.427706771385,compressed,1440,1.4435458089777726e-14,3,36290.42770677191,0.13025558399385773,12,tolerance,3,36290.42770677191
primary,first,dense_frontier,dense_frontier_n1440_m6_g37_s12,0,36290.427706771385,compressed,1440,1.4435458089777726e-14,4,36290.42770677191,0.12865508298273198,12,tolerance,3,36290.42770677191
primary,second,dense_frontier,dense_frontier_n1440_m6_g37_s12,3,36290.427706771385,clique,1440,4.0098494693827015e-16,0,36303.32149244875,0.605714083998464,12,tolerance,12,36290.4277067714
primary,first,dense_frontier,dense_frontier_n1440_m6_g37_s12,3,36290.427706771385,clique,1440,4.0098494693827015e-16,1,36303.32149244875,0.6053006669972092,12,tolerance,12,36290.4277067714
primary,second,dense_frontier,dense_frontier_n1440_m6_g37_s12,3,36290.427706771385,clique,1440,4.0098494693827015e-16,2,36303.32149244875,0.6047479580156505,12,tolerance,12,36290.4277067714
primary,first,dense_frontier,dense_frontier_n1440_m6_g37_s12,3,36290.427706771385,clique,1440,4.0098494693827015e-16,3,36303.32149244875,0.6024350000079721,12,tolerance,12,36290.4277067714
primary,second,dense_frontier,dense_frontier_n1440_m6_g37_s12,3,36290.427706771385,clique,1440,4.0098494693827015e-16,4,36303.32149244875,0.6027104170061648,12,tolerance,12,36290.4277067714
primary,second,dense_frontier,dense_frontier_n1440_m6_g37_s13,0,36305.75640739158,compressed,1440,1.4028547629685157e-14,0,36305.75640739209,0.1296194999886211,13,tolerance,3,36305.75640739209
primary,first,dense_frontier,dense_frontier_n1440_m6_g37_s13,0,36305.75640739158,compressed,1440,1.4028547629685157e-14,1,36305.75640739209,0.12887691697687842,13,tolerance,3,36305.75640739209
primary,second,dense_frontier,dense_frontier_n1440_m6_g37_s13,0,36305.75640739158,compressed,1440,1.4028547629685157e-14,2,36305.75640739209,0.12893945799442008,13,tolerance,3,36305.75640739209
primary,first,dense_frontier,dense_frontier_n1440_m6_g37_s13,0,36305.75640739158,compressed,1440,1.4028547629685157e-14,3,36305.75640739209,0.1282152500061784,13,tolerance,3,36305.75640739209
primary,second,dense_frontier,dense_frontier_n1440_m6_g37_s13,0,36305.75640739158,compressed,1440,1.4028547629685157e-14,4,36305.75640739209,0.12801587500143796,13,tolerance,3,36305.75640739209
primary,first,dense_frontier,dense_frontier_n1440_m6_g37_s13,3,36305.75640739158,clique,1440,1.0020391164060826e-15,0,36319.33418526041,0.6005580420023762,13,tolerance,12,36305.756407391615
primary,second,dense_frontier,dense_frontier_n1440_m6_g37_s13,3,36305.75640739158,clique,1440,1.0020391164060826e-15,1,36319.33418526041,0.5985970420006197,13,tolerance,12,36305.756407391615
primary,first,dense_frontier,dense_frontier_n1440_m6_g37_s13,3,36305.75640739158,clique,1440,1.0020391164060826e-15,2,36319.33418526041,0.5955576249980368,13,tolerance,12,36305.756407391615
primary,second,dense_frontier,dense_frontier_n1440_m6_g37_s13,3,36305.75640739158,clique,1440,1.0020391164060826e-15,3,36319.33418526041,0.5973219580191653,13,tolerance,12,36305.756407391615
primary,first,dense_frontier,dense_frontier_n1440_m6_g37_s13,3,36305.75640739158,clique,1440,1.0020391164060826e-15,4,36319.33418526041,0.5986553330149036,13,tolerance,12,36305.756407391615
primary,first,dense_frontier,dense_frontier_n1440_m6_g37_s14,0,36307.4342380437,compressed,1440,9.238373711970922e-14,0,36307.434238047055,0.1275127500121016,14,tolerance,3,36307.434238047055
primary,second,dense_frontier,dense_frontier_n1440_m6_g37_s14,0,36307.4342380437,compressed,1440,9.238373711970922e-14,1,36307.434238047055,0.1290525000076741,14,tolerance,3,36307.434238047055
primary,first,dense_frontier,dense_frontier_n1440_m6_g37_s14,0,36307.4342380437,compressed,1440,9.238373711970922e-14,2,36307.434238047055,0.12912437500199303,14,tolerance,3,36307.434238047055
primary,second,dense_frontier,dense_frontier_n1440_m6_g37_s14,0,36307.4342380437,compressed,1440,9.238373711970922e-14,3,36307.434238047055,0.1285900410148315,14,tolerance,3,36307.434238047055
primary,first,dense_frontier,dense_frontier_n1440_m6_g37_s14,0,36307.4342380437,compressed,1440,9.238373711970922e-14,4,36307.434238047055,0.12850716698449105,14,tolerance,3,36307.434238047055
primary,second,dense_frontier,dense_frontier_n1440_m6_g37_s14,3,36307.4342380437,clique,1440,0.0,0,36322.0347444215,0.5961007910082117,14,exact,12,36307.4342380437
primary,first,dense_frontier,dense_frontier_n1440_m6_g37_s14,3,36307.4342380437,clique,1440,0.0,1,36322.0347444215,0.5953238329966553,14,exact,12,36307.4342380437
primary,second,dense_frontier,dense_frontier_n1440_m6_g37_s14,3,36307.4342380437,clique,1440,0.0,2,36322.0347444215,0.5940093329991214,14,exact,12,36307.4342380437
primary,first,dense_frontier,dense_frontier_n1440_m6_g37_s14,3,36307.4342380437,clique,1440,0.0,3,36322.0347444215,0.5938672499905806,14,exact,12,36307.4342380437
primary,second,dense_frontier,dense_frontier_n1440_m6_g37_s14,3,36307.4342380437,clique,1440,0.0,4,36322.0347444215,0.5936654999968596,14,exact,12,36307.4342380437
primary,second,dense_frontier,dense_frontier_n1440_m6_g37_s15,0,36294.861505416106,compressed,1440,9.241573933649054e-14,0,36294.86150541946,0.13118758401833475,15,tolerance,3,36294.86150541946
primary,first,dense_frontier,dense_frontier_n1440_m6_g37_s15,0,36294.861505416106,compressed,1440,9.241573933649054e-14,1,36294.86150541946,0.13083191702025943,15,tolerance,3,36294.86150541946
primary,second,dense_frontier,dense_frontier_n1440_m6_g37_s15,0,36294.861505416106,compressed,1440,9.241573933649054e-14,2,36294.86150541946,0.12954954197630286,15,tolerance,3,36294.86150541946
primary,first,dense_frontier,dense_frontier_n1440_m6_g37_s15,0,36294.861505416106,compressed,1440,9.241573933649054e-14,3,36294.86150541946,0.12887766701169312,15,tolerance,3,36294.86150541946
primary,second,dense_frontier,dense_frontier_n1440_m6_g37_s15,0,36294.861505416106,compressed,1440,9.241573933649054e-14,4,36294.86150541946,0.1288751669926569,15,tolerance,3,36294.86150541946
primary,first,dense_frontier,dense_frontier_n1440_m6_g37_s15,3,36294.861505416106,clique,1440,2.0046798120713783e-16,0,36306.77013498562,0.6026873750088271,15,tolerance,12,36294.86150541611
primary,second,dense_frontier,dense_frontier_n1440_m6_g37_s15,3,36294.861505416106,clique,1440,2.0046798120713783e-16,1,36306.77013498562,0.600215583021054,15,tolerance,12,36294.86150541611
primary,first,dense_frontier,dense_frontier_n1440_m6_g37_s15,3,36294.861505416106,clique,1440,2.0046798120713783e-16,2,36306.77013498562,0.6034396670002025,15,tolerance,12,36294.86150541611
primary,second,dense_frontier,dense_frontier_n1440_m6_g37_s15,3,36294.861505416106,clique,1440,2.0046798120713783e-16,3,36306.77013498562,0.5972764999896754,15,tolerance,12,36294.86150541611
primary,first,dense_frontier,dense_frontier_n1440_m6_g37_s15,3,36294.861505416106,clique,1440,2.0046798120713783e-16,4,36306.77013498562,0.5980950419907458,15,tolerance,12,36294.86150541611
primary,second,correlated_risk,correlated_risk_n360_m6_g18_s11,3,7739.706623944944,compressed,360,2.2244686447541505e-13,0,7744.295517424444,0.0815950830001384,11,tolerance,12,7739.706623946666
primary,first,correlated_risk,correlated_risk_n360_m6_g18_s11,3,7739.706623944944,compressed,360,2.2244686447541505e-13,1,7744.295517424444,0.08199029098614119,11,tolerance,12,7739.706623946666
primary,second,correlated_risk,correlated_risk_n360_m6_g18_s11,3,7739.706623944944,compressed,360,2.2244686447541505e-13,2,7744.295517424444,0.08201520799775608,11,tolerance,12,7739.706623946666
primary,first,correlated_risk,correlated_risk_n360_m6_g18_s11,3,7739.706623944944,compressed,360,2.2244686447541505e-13,3,7744.295517424444,0.08242583301034756,11,tolerance,12,7739.706623946666
primary,second,correlated_risk,correlated_risk_n360_m6_g18_s11,3,7739.706623944944,compressed,360,2.2244686447541505e-13,4,7744.295517424444,0.08255458401981741,11,tolerance,12,7739.706623946666
primary,first,correlated_risk,correlated_risk_n360_m6_g18_s11,5,7739.706623944944,clique,360,1.175102295168595e-15,0,7784.408190498957,0.17815683298977092,11,tolerance,13,7739.706623944953
primary,second,correlated_risk,correlated_risk_n360_m6_g18_s11,5,7739.706623944944,clique,360,1.175102295168595e-15,1,7784.408190498957,0.22743987501598895,11,tolerance,13,7739.706623944953
primary,first,correlated_risk,correlated_risk_n360_m6_g18_s11,5,7739.706623944944,clique,360,1.175102295168595e-15,2,7784.408190498957,0.17596358398441225,11,tolerance,13,7739.706623944953
primary,second,correlated_risk,correlated_risk_n360_m6_g18_s11,5,7739.706623944944,clique,360,1.175102295168595e-15,3,7784.408190498957,0.1781610420148354,11,tolerance,13,7739.706623944953
primary,first,correlated_risk,correlated_risk_n360_m6_g18_s11,5,7739.706623944944,clique,360,1.175102295168595e-15,4,7784.408190498957,0.17819808298372664,11,tolerance,13,7739.706623944953
primary,first,correlated_risk,correlated_risk_n360_m6_g18_s12,3,7737.857656360643,compressed,360,5.509020528060016e-13,0,7741.032203784239,0.08292912499746308,12,tolerance,12,7737.857656364906
primary,second,correlated_risk,correlated_risk_n360_m6_g18_s12,3,7737.857656360643,compressed,360,5.509020528060016e-13,1,7741.032203784239,0.08297766599571332,12,tolerance,12,7737.857656364906
primary,first,correlated_risk,correlated_risk_n360_m6_g18_s12,3,7737.857656360643,compressed,360,5.509020528060016e-13,2,7741.032203784239,0.08309733399073593,12,tolerance,12,7737.857656364906
primary,second,correlated_risk,correlated_risk_n360_m6_g18_s12,3,7737.857656360643,compressed,360,5.509020528060016e-13,3,7741.032203784239,0.08360579199506901,12,tolerance,12,7737.857656364906
primary,first,correlated_risk,correlated_risk_n360_m6_g18_s12,3,7737.857656360643,compressed,360,5.509020528060016e-13,4,7741.032203784239,0.08321654199971817,12,tolerance,12,7737.857656364906
primary,second,correlated_risk,correlated_risk_n360_m6_g18_s12,4,7737.857656360643,clique,360,7.052298521092404e-16,0,7782.975939756527,0.16048845800105482,12,tolerance,12,7737.857656360648
primary,first,correlated_risk,correlated_risk_n360_m6_g18_s12,4,7737.857656360643,clique,360,7.052298521092404e-16,1,7782.975939756527,0.1603025410149712,12,tolerance,12,7737.857656360648
primary,second,correlated_risk,correlated_risk_n360_m6_g18_s12,4,7737.857656360643,clique,360,7.052298521092404e-16,2,7782.975939756527,0.16084875000524335,12,tolerance,12,7737.857656360648
primary,first,correlated_risk,correlated_risk_n360_m6_g18_s12,4,7737.857656360643,clique,360,7.052298521092404e-16,3,7782.975939756527,0.15974154201103374,12,tolerance,12,7737.857656360648
primary,second,correlated_risk,correlated_risk_n360_m6_g18_s12,4,7737.857656360643,clique,360,7.052298521092404e-16,4,7782.975939756527,0.16006241599097848,12,tolerance,12,7737.857656360648
primary,second,correlated_risk,correlated_risk_n360_m6_g18_s13,3,7747.184268290169,compressed,360,3.7273486445241877e-13,0,7750.779951992591,0.0810787079972215,13,tolerance,12,7747.184268293056
primary,first,correlated_risk,correlated_risk_n360_m6_g18_s13,3,7747.184268290169,compressed,360,3.7273486445241877e-13,1,7750.779951992591,0.08131508401129395,13,tolerance,12,7747.184268293056
primary,second,correlated_risk,correlated_risk_n360_m6_g18_s13,3,7747.184268290169,compressed,360,3.7273486445241877e-13,2,7750.779951992591,0.08144554198952392,13,tolerance,12,7747.184268293056
primary,first,correlated_risk,correlated_risk_n360_m6_g18_s13,3,7747.184268290169,compressed,360,3.7273486445241877e-13,3,7750.779951992591,0.08104241697583348,13,tolerance,12,7747.184268293056
primary,second,correlated_risk,correlated_risk_n360_m6_g18_s13,3,7747.184268290169,compressed,360,3.7273486445241877e-13,4,7750.779951992591,0.0816405420191586,13,tolerance,12,7747.184268293056
primary,first,correlated_risk,correlated_risk_n360_m6_g18_s13,5,7747.184268290169,clique,360,0.0,0,7790.992303805157,0.1764124589972198,13,tolerance,13,7747.184268290169
primary,second,correlated_risk,correlated_risk_n360_m6_g18_s13,5,7747.184268290169,clique,360,0.0,1,7790.992303805157,0.17375862499466166,13,tolerance,13,7747.184268290169
primary,first,correlated_risk,correlated_risk_n360_m6_g18_s13,5,7747.184268290169,clique,360,0.0,2,7790.992303805157,0.1728015830158256,13,tolerance,13,7747.184268290169
primary,second,correlated_risk,correlated_risk_n360_m6_g18_s13,5,7747.184268290169,clique,360,0.0,3,7790.992303805157,0.17266558299888857,13,tolerance,13,7747.184268290169
primary,first,correlated_risk,correlated_risk_n360_m6_g18_s13,5,7747.184268290169,clique,360,0.0,4,7790.992303805157,0.17222766700433567,13,tolerance,13,7747.184268290169
primary,first,correlated_risk,correlated_risk_n360_m6_g18_s14,3,7747.892514879527,compressed,360,2.942868932378555e-13,0,7749.564499155291,0.08767462501418777,14,tolerance,12,7747.892514881807
primary,second,correlated_risk,correlated_risk_n360_m6_g18_s14,3,7747.892514879527,compressed,360,2.942868932378555e-13,1,7749.564499155291,0.08638445800170302,14,tolerance,12,7747.892514881807
primary,first,correlated_risk,correlated_risk_n360_m6_g18_s14,3,7747.892514879527,compressed,360,2.942868932378555e-13,2,7749.564499155291,0.08643812499940395,14,tolerance,12,7747.892514881807
primary,second,correlated_risk,correlated_risk_n360_m6_g18_s14,3,7747.892514879527,compressed,360,2.942868932378555e-13,3,7749.564499155291,0.09152058398467489,14,tolerance,12,7747.892514881807
primary,first,correlated_risk,correlated_risk_n360_m6_g18_s14,3,7747.892514879527,compressed,360,2.942868932378555e-13,4,7749.564499155291,0.08860654101590626,14,tolerance,12,7747.892514881807
primary,second,correlated_risk,correlated_risk_n360_m6_g18_s14,4,7747.892514879527,clique,360,0.0,0,7788.900311669207,0.1486677079810761,14,tolerance,12,7747.892514879527
primary,first,correlated_risk,correlated_risk_n360_m6_g18_s14,4,7747.892514879527,clique,360,0.0,1,7788.900311669207,0.14826412498950958,14,tolerance,12,7747.892514879527
primary,second,correlated_risk,correlated_risk_n360_m6_g18_s14,4,7747.892514879527,clique,360,0.0,2,7788.900311669207,0.1476247500104364,14,tolerance,12,7747.892514879527
primary,first,correlated_risk,correlated_risk_n360_m6_g18_s14,4,7747.892514879527,clique,360,0.0,3,7788.900311669207,0.15189562499290332,14,tolerance,12,7747.892514879527
primary,second,correlated_risk,correlated_risk_n360_m6_g18_s14,4,7747.892514879527,clique,360,0.0,4,7788.900311669207,0.1590698330255691,14,tolerance,12,7747.892514879527
primary,second,correlated_risk,correlated_risk_n360_m6_g18_s15,3,7742.889441050216,compressed,360,3.997229320781157e-13,0,7748.652543938627,0.08389125001849607,15,tolerance,12,7742.889441053311
primary,first,correlated_risk,correlated_risk_n360_m6_g18_s15,3,7742.889441050216,compressed,360,3.997229320781157e-13,1,7748.652543938627,0.08489250001730397,15,tolerance,12,7742.889441053311
primary,second,correlated_risk,correlated_risk_n360_m6_g18_s15,3,7742.889441050216,compressed,360,3.997229320781157e-13,2,7748.652543938627,0.08914254099363461,15,tolerance,12,7742.889441053311
primary,first,correlated_risk,correlated_risk_n360_m6_g18_s15,3,7742.889441050216,compressed,360,3.997229320781157e-13,3,7748.652543938627,0.0846108749974519,15,tolerance,12,7742.889441053311
primary,second,correlated_risk,correlated_risk_n360_m6_g18_s15,3,7742.889441050216,compressed,360,3.997229320781157e-13,4,7748.652543938627,0.08128250000299886,15,tolerance,12,7742.889441053311
primary,first,correlated_risk,correlated_risk_n360_m6_g18_s15,4,7742.889441050216,clique,360,1.292081179212246e-15,0,7787.754999154451,0.15623349999077618,15,tolerance,12,7742.889441050226
primary,second,correlated_risk,correlated_risk_n360_m6_g18_s15,4,7742.889441050216,clique,360,1.292081179212246e-15,1,7787.754999154451,0.16045049999956973,15,tolerance,12,7742.889441050226
primary,first,correlated_risk,correlated_risk_n360_m6_g18_s15,4,7742.889441050216,clique,360,1.292081179212246e-15,2,7787.754999154451,0.1589190420054365,15,tolerance,12,7742.889441050226
primary,second,correlated_risk,correlated_risk_n360_m6_g18_s15,4,7742.889441050216,clique,360,1.292081179212246e-15,3,7787.754999154451,0.15899150000768714,15,tolerance,12,7742.889441050226
primary,first,correlated_risk,correlated_risk_n360_m6_g18_s15,4,7742.889441050216,clique,360,1.292081179212246e-15,4,7787.754999154451,0.15513666698825546,15,tolerance,12,7742.889441050226
primary,second,correlated_risk,correlated_risk_n720_m6_g26_s11,3,15591.526554279964,compressed,720,1.2833177924782398e-15,0,15591.526554279984,0.14188362497952767,11,tolerance,12,15591.526554279984
primary,first,correlated_risk,correlated_risk_n720_m6_g26_s11,3,15591.526554279964,compressed,720,1.2833177924782398e-15,1,15591.526554279984,0.14146858398453332,11,tolerance,12,15591.526554279984
primary,second,correlated_risk,correlated_risk_n720_m6_g26_s11,3,15591.526554279964,compressed,720,1.2833177924782398e-15,2,15591.526554279984,0.1952471249969676,11,tolerance,12,15591.526554279984
primary,first,correlated_risk,correlated_risk_n720_m6_g26_s11,3,15591.526554279964,compressed,720,1.2833177924782398e-15,3,15591.526554279984,0.1406762079859618,11,tolerance,12,15591.526554279984
primary,second,correlated_risk,correlated_risk_n720_m6_g26_s11,3,15591.526554279964,compressed,720,1.2833177924782398e-15,4,15591.526554279984,0.1430170000239741,11,tolerance,12,15591.526554279984
primary,first,correlated_risk,correlated_risk_n720_m6_g26_s11,4,15591.526554279964,clique,720,4.666610154466327e-16,0,15648.204088065278,0.35678537501371466,11,tolerance,12,15591.526554279972
primary,second,correlated_risk,correlated_risk_n720_m6_g26_s11,4,15591.526554279964,clique,720,4.666610154466327e-16,1,15648.204088065278,0.3575379580142908,11,tolerance,12,15591.526554279972
primary,first,correlated_risk,correlated_risk_n720_m6_g26_s11,4,15591.526554279964,clique,720,4.666610154466327e-16,2,15648.204088065278,0.35755399998743087,11,tolerance,12,15591.526554279972
primary,second,correlated_risk,correlated_risk_n720_m6_g26_s11,4,15591.526554279964,clique,720,4.666610154466327e-16,3,15648.204088065278,0.35592037497553974,11,tolerance,12,15591.526554279972
primary,first,correlated_risk,correlated_risk_n720_m6_g26_s11,4,15591.526554279964,clique,720,4.666610154466327e-16,4,15648.204088065278,0.3597478329902515,11,tolerance,12,15591.526554279972
primary,first,correlated_risk,correlated_risk_n720_m6_g26_s12,3,15577.826896288221,compressed,720,1.5179820910534414e-15,0,15577.826896288245,0.14135583300958388,12,tolerance,12,15577.826896288245
primary,second,correlated_risk,correlated_risk_n720_m6_g26_s12,3,15577.826896288221,compressed,720,1.5179820910534414e-15,1,15577.826896288245,0.14002216700464487,12,tolerance,12,15577.826896288245
primary,first,correlated_risk,correlated_risk_n720_m6_g26_s12,3,15577.826896288221,compressed,720,1.5179820910534414e-15,2,15577.826896288245,0.14110658300342038,12,tolerance,12,15577.826896288245
primary,second,correlated_risk,correlated_risk_n720_m6_g26_s12,3,15577.826896288221,compressed,720,1.5179820910534414e-15,3,15577.826896288245,0.14076112501788884,12,tolerance,12,15577.826896288245
primary,first,correlated_risk,correlated_risk_n720_m6_g26_s12,3,15577.826896288221,compressed,720,1.5179820910534414e-15,4,15577.826896288245,0.14004908298375085,12,tolerance,12,15577.826896288245
primary,second,correlated_risk,correlated_risk_n720_m6_g26_s12,4,15577.826896288221,clique,720,9.341428252636562e-16,0,15632.608987189466,0.3911750419938471,12,tolerance,12,15577.826896288236
primary,first,correlated_risk,correlated_risk_n720_m6_g26_s12,4,15577.826896288221,clique,720,9.341428252636562e-16,1,15632.608987189466,0.39050454198149964,12,tolerance,12,15577.826896288236
primary,second,correlated_risk,correlated_risk_n720_m6_g26_s12,4,15577.826896288221,clique,720,9.341428252636562e-16,2,15632.608987189466,0.38819616701221094,12,tolerance,12,15577.826896288236
primary,first,correlated_risk,correlated_risk_n720_m6_g26_s12,4,15577.826896288221,clique,720,9.341428252636562e-16,3,15632.608987189466,0.3901648340106476,12,tolerance,12,15577.826896288236
primary,second,correlated_risk,correlated_risk_n720_m6_g26_s12,4,15577.826896288221,clique,720,9.341428252636562e-16,4,15632.608987189466,0.3884512919757981,12,tolerance,12,15577.826896288236
primary,second,correlated_risk,correlated_risk_n720_m6_g26_s13,3,15559.34509520718,compressed,720,2.124192069794061e-13,0,15559.345095210485,0.14006995799718425,13,tolerance,12,15559.345095210485
primary,first,correlated_risk,correlated_risk_n720_m6_g26_s13,3,15559.34509520718,compressed,720,2.124192069794061e-13,1,15559.345095210485,0.14120945800095797,13,tolerance,12,15559.345095210485
primary,second,correlated_risk,correlated_risk_n720_m6_g26_s13,3,15559.34509520718,compressed,720,2.124192069794061e-13,2,15559.345095210485,0.14221779198851436,13,tolerance,12,15559.345095210485
primary,first,correlated_risk,correlated_risk_n720_m6_g26_s13,3,15559.34509520718,compressed,720,2.124192069794061e-13,3,15559.345095210485,0.14196462501422502,13,tolerance,12,15559.345095210485
primary,second,correlated_risk,correlated_risk_n720_m6_g26_s13,3,15559.34509520718,compressed,720,2.124192069794061e-13,4,15559.345095210485,0.14104504199349321,13,tolerance,12,15559.345095210485
primary,first,correlated_risk,correlated_risk_n720_m6_g26_s13,4,15559.34509520718,clique,720,0.0,0,15622.057322682505,0.40367641698685475,13,exact,12,15559.34509520718
primary,second,correlated_risk,correlated_risk_n720_m6_g26_s13,4,15559.34509520718,clique,720,0.0,1,15622.057322682505,0.40439387498190627,13,exact,12,15559.34509520718
primary,first,correlated_risk,correlated_risk_n720_m6_g26_s13,4,15559.34509520718,clique,720,0.0,2,15622.057322682505,0.40376229101093486,13,exact,12,15559.34509520718
primary,second,correlated_risk,correlated_risk_n720_m6_g26_s13,4,15559.34509520718,clique,720,0.0,3,15622.057322682505,0.4038005830079783,13,exact,12,15559.34509520718
primary,first,correlated_risk,correlated_risk_n720_m6_g26_s13,4,15559.34509520718,clique,720,0.0,4,15622.057322682505,0.40196804198785685,13,exact,12,15559.34509520718
primary,first,correlated_risk,correlated_risk_n720_m6_g26_s14,3,15549.738769360129,compressed,720,3.2084498580708056e-07,0,15549.743758415843,0.13935091701569036,14,tolerance,12,15549.743758415843
primary,second,correlated_risk,correlated_risk_n720_m6_g26_s14,3,15549.738769360129,compressed,720,3.2084498580708056e-07,1,15549.743758415843,0.13904866701341234,14,tolerance,12,15549.743758415843
primary,first,correlated_risk,correlated_risk_n720_m6_g26_s14,3,15549.738769360129,compressed,720,3.2084498580708056e-07,2,15549.743758415843,0.1426756249857135,14,tolerance,12,15549.743758415843
primary,second,correlated_risk,correlated_risk_n720_m6_g26_s14,3,15549.738769360129,compressed,720,3.2084498580708056e-07,3,15549.743758415843,0.138846583024133,14,tolerance,12,15549.743758415843
primary,first,correlated_risk,correlated_risk_n720_m6_g26_s14,3,15549.738769360129,compressed,720,3.2084498580708056e-07,4,15549.743758415843,0.14150216698180884,14,tolerance,12,15549.743758415843
primary,second,correlated_risk,correlated_risk_n720_m6_g26_s14,4,15549.738769360129,clique,720,0.0,0,15612.71362129234,0.3720362919848412,14,exact,12,15549.738769360129
primary,first,correlated_risk,correlated_risk_n720_m6_g26_s14,4,15549.738769360129,clique,720,0.0,1,15612.71362129234,0.3710542499902658,14,exact,12,15549.738769360129
primary,second,correlated_risk,correlated_risk_n720_m6_g26_s14,4,15549.738769360129,clique,720,0.0,2,15612.71362129234,0.37511900000390597,14,exact,12,15549.738769360129
primary,first,correlated_risk,correlated_risk_n720_m6_g26_s14,4,15549.738769360129,clique,720,0.0,3,15612.71362129234,0.3707899170112796,14,exact,12,15549.738769360129
primary,second,correlated_risk,correlated_risk_n720_m6_g26_s14,4,15549.738769360129,clique,720,0.0,4,15612.71362129234,0.3719264999963343,14,exact,12,15549.738769360129
primary,second,correlated_risk,correlated_risk_n720_m6_g26_s15,3,15579.837014117558,compressed,720,5.160473217009496e-14,0,15579.905299147382,0.1592985420138575,15,tolerance,12,15579.837014118362
primary,first,correlated_risk,correlated_risk_n720_m6_g26_s15,3,15579.837014117558,compressed,720,5.160473217009496e-14,1,15579.905299147382,0.1594269589986652,15,tolerance,12,15579.837014118362
primary,second,correlated_risk,correlated_risk_n720_m6_g26_s15,3,15579.837014117558,compressed,720,5.160473217009496e-14,2,15579.905299147382,0.15939408299163915,15,tolerance,12,15579.837014118362
primary,first,correlated_risk,correlated_risk_n720_m6_g26_s15,3,15579.837014117558,compressed,720,5.160473217009496e-14,3,15579.905299147382,0.16007787501439452,15,tolerance,12,15579.837014118362
primary,second,correlated_risk,correlated_risk_n720_m6_g26_s15,3,15579.837014117558,compressed,720,5.160473217009496e-14,4,15579.905299147382,0.16347029199823737,15,tolerance,12,15579.837014118362
primary,first,correlated_risk,correlated_risk_n720_m6_g26_s15,4,15579.837014117558,clique,720,0.0,0,15636.974856228031,0.37625429101171903,15,exact,12,15579.837014117558
primary,second,correlated_risk,correlated_risk_n720_m6_g26_s15,4,15579.837014117558,clique,720,0.0,1,15636.974856228031,0.37818829200114124,15,exact,12,15579.837014117558
primary,first,correlated_risk,correlated_risk_n720_m6_g26_s15,4,15579.837014117558,clique,720,0.0,2,15636.974856228031,0.3813921250111889,15,exact,12,15579.837014117558
primary,second,correlated_risk,correlated_risk_n720_m6_g26_s15,4,15579.837014117558,clique,720,0.0,3,15636.974856228031,0.3770564580045175,15,exact,12,15579.837014117558
primary,first,correlated_risk,correlated_risk_n720_m6_g26_s15,4,15579.837014117558,clique,720,0.0,4,15636.974856228031,0.3792352079763077,15,exact,12,15579.837014117558
primary,second,correlated_risk,correlated_risk_n1440_m6_g37_s11,3,31257.490391198444,compressed,1440,3.1424604650645526e-15,0,31257.54193265029,0.2962074160168413,11,tolerance,12,31257.490391198542
primary,first,correlated_risk,correlated_risk_n1440_m6_g37_s11,3,31257.490391198444,compressed,1440,3.1424604650645526e-15,1,31257.54193265029,0.2999293330067303,11,tolerance,12,31257.490391198542
primary,second,correlated_risk,correlated_risk_n1440_m6_g37_s11,3,31257.490391198444,compressed,1440,3.1424604650645526e-15,2,31257.54193265029,0.2937982080038637,11,tolerance,12,31257.490391198542
primary,first,correlated_risk,correlated_risk_n1440_m6_g37_s11,3,31257.490391198444,compressed,1440,3.1424604650645526e-15,3,31257.54193265029,0.29617404099553823,11,tolerance,12,31257.490391198542
primary,second,correlated_risk,correlated_risk_n1440_m6_g37_s11,3,31257.490391198444,compressed,1440,3.1424604650645526e-15,4,31257.54193265029,0.29241066600661725,11,tolerance,12,31257.490391198542
primary,first,correlated_risk,correlated_risk_n1440_m6_g37_s11,4,31257.490391198444,clique,1440,0.0,0,31341.049299595597,0.9491797499940731,11,exact,12,31257.490391198444
primary,second,correlated_risk,correlated_risk_n1440_m6_g37_s11,4,31257.490391198444,clique,1440,0.0,1,31341.049299595597,0.9532747080083936,11,exact,12,31257.490391198444
primary,first,correlated_risk,correlated_risk_n1440_m6_g37_s11,4,31257.490391198444,clique,1440,0.0,2,31341.049299595597,0.9464473749976605,11,exact,12,31257.490391198444
primary,second,correlated_risk,correlated_risk_n1440_m6_g37_s11,4,31257.490391198444,clique,1440,0.0,3,31341.049299595597,0.9521301250206307,11,exact,12,31257.490391198444
primary,first,correlated_risk,correlated_risk_n1440_m6_g37_s11,4,31257.490391198444,clique,1440,0.0,4,31341.049299595597,0.9487507090088911,11,exact,12,31257.490391198444
primary,first,correlated_risk,correlated_risk_n1440_m6_g37_s12,1,31224.802657623397,compressed,1440,4.45065392261092e-14,0,31224.802657624787,0.1903999579953961,12,tolerance,6,31224.802657624787
primary,second,correlated_risk,correlated_risk_n1440_m6_g37_s12,1,31224.802657623397,compressed,1440,4.45065392261092e-14,1,31224.802657624787,0.17768258400610648,12,tolerance,6,31224.802657624787
primary,first,correlated_risk,correlated_risk_n1440_m6_g37_s12,1,31224.802657623397,compressed,1440,4.45065392261092e-14,2,31224.802657624787,0.1781857919995673,12,tolerance,6,31224.802657624787
primary,second,correlated_risk,correlated_risk_n1440_m6_g37_s12,1,31224.802657623397,compressed,1440,4.45065392261092e-14,3,31224.802657624787,0.18034366599749774,12,tolerance,6,31224.802657624787
primary,first,correlated_risk,correlated_risk_n1440_m6_g37_s12,1,31224.802657623397,compressed,1440,4.45065392261092e-14,4,31224.802657624787,0.17813012501574121,12,tolerance,6,31224.802657624787
primary,second,correlated_risk,correlated_risk_n1440_m6_g37_s12,4,31224.802657623397,clique,1440,0.0,0,31308.53185491738,0.9838232499896549,12,exact,12,31224.802657623397
primary,first,correlated_risk,correlated_risk_n1440_m6_g37_s12,4,31224.802657623397,clique,1440,0.0,1,31308.53185491738,0.9815830409934279,12,exact,12,31224.802657623397
primary,second,correlated_risk,correlated_risk_n1440_m6_g37_s12,4,31224.802657623397,clique,1440,0.0,2,31308.53185491738,0.9893516669981182,12,exact,12,31224.802657623397
primary,first,correlated_risk,correlated_risk_n1440_m6_g37_s12,4,31224.802657623397,clique,1440,0.0,3,31308.53185491738,0.9839120839897078,12,exact,12,31224.802657623397
primary,second,correlated_risk,correlated_risk_n1440_m6_g37_s12,4,31224.802657623397,clique,1440,0.0,4,31308.53185491738,0.9859138340107165,12,exact,12,31224.802657623397
primary,second,correlated_risk,correlated_risk_n1440_m6_g37_s13,3,31256.312977490325,compressed,1440,4.9466518783819874e-14,0,31256.31297749187,0.2736781669955235,13,tolerance,12,31256.31297749187
primary,first,correlated_risk,correlated_risk_n1440_m6_g37_s13,3,31256.312977490325,compressed,1440,4.9466518783819874e-14,1,31256.31297749187,0.2736046250211075,13,tolerance,12,31256.31297749187
primary,second,correlated_risk,correlated_risk_n1440_m6_g37_s13,3,31256.312977490325,compressed,1440,4.9466518783819874e-14,2,31256.31297749187,0.27232945899595506,13,tolerance,12,31256.31297749187
primary,first,correlated_risk,correlated_risk_n1440_m6_g37_s13,3,31256.312977490325,compressed,1440,4.9466518783819874e-14,3,31256.31297749187,0.27438845901633613,13,tolerance,12,31256.31297749187
primary,second,correlated_risk,correlated_risk_n1440_m6_g37_s13,3,31256.312977490325,compressed,1440,4.9466518783819874e-14,4,31256.31297749187,0.2719317500013858,13,tolerance,12,31256.31297749187
primary,first,correlated_risk,correlated_risk_n1440_m6_g37_s13,4,31256.312977490325,clique,1440,0.0,0,31341.536869385956,0.9193270409887191,13,exact,12,31256.312977490325
primary,second,correlated_risk,correlated_risk_n1440_m6_g37_s13,4,31256.312977490325,clique,1440,0.0,1,31341.536869385956,0.91714674999821,13,exact,12,31256.312977490325
primary,first,correlated_risk,correlated_risk_n1440_m6_g37_s13,4,31256.312977490325,clique,1440,0.0,2,31341.536869385956,0.918266125023365,13,exact,12,31256.312977490325
primary,second,correlated_risk,correlated_risk_n1440_m6_g37_s13,4,31256.312977490325,clique,1440,0.0,3,31341.536869385956,0.9203583330090623,13,exact,12,31256.312977490325
primary,first,correlated_risk,correlated_risk_n1440_m6_g37_s13,4,31256.312977490325,clique,1440,0.0,4,31341.536869385956,0.924723542004358,13,exact,12,31256.312977490325
primary,first,correlated_risk,correlated_risk_n1440_m6_g37_s14,1,31238.389490863778,compressed,1440,4.064404805652164e-14,0,31238.389490865047,0.17735379101941362,14,tolerance,6,31238.389490865047
primary,second,correlated_risk,correlated_risk_n1440_m6_g37_s14,1,31238.389490863778,compressed,1440,4.064404805652164e-14,1,31238.389490865047,0.17787991699879058,14,tolerance,6,31238.389490865047
primary,first,correlated_risk,correlated_risk_n1440_m6_g37_s14,1,31238.389490863778,compressed,1440,4.064404805652164e-14,2,31238.389490865047,0.1796330419892911,14,tolerance,6,31238.389490865047
primary,second,correlated_risk,correlated_risk_n1440_m6_g37_s14,1,31238.389490863778,compressed,1440,4.064404805652164e-14,3,31238.389490865047,0.17707666600472294,14,tolerance,6,31238.389490865047
primary,first,correlated_risk,correlated_risk_n1440_m6_g37_s14,1,31238.389490863778,compressed,1440,4.064404805652164e-14,4,31238.389490865047,0.17829291700036265,14,tolerance,6,31238.389490865047
primary,second,correlated_risk,correlated_risk_n1440_m6_g37_s14,4,31238.389490863778,clique,1440,0.0,0,31319.01890205809,1.0542966249922756,14,exact,12,31238.389490863778
primary,first,correlated_risk,correlated_risk_n1440_m6_g37_s14,4,31238.389490863778,clique,1440,0.0,1,31319.01890205809,1.0576494999986608,14,exact,12,31238.389490863778
primary,second,correlated_risk,correlated_risk_n1440_m6_g37_s14,4,31238.389490863778,clique,1440,0.0,2,31319.01890205809,1.0579715839994606,14,exact,12,31238.389490863778
primary,first,correlated_risk,correlated_risk_n1440_m6_g37_s14,4,31238.389490863778,clique,1440,0.0,3,31319.01890205809,1.0553283340123016,14,exact,12,31238.389490863778
primary,second,correlated_risk,correlated_risk_n1440_m6_g37_s14,4,31238.389490863778,clique,1440,0.0,4,31319.01890205809,1.0557400420075282,14,exact,12,31238.389490863778
primary,second,correlated_risk,correlated_risk_n1440_m6_g37_s15,4,31246.159998002953,compressed,1440,4.8784014428296205e-14,0,31246.196490212988,0.3194742499908898,15,tolerance,12,31246.159998004478
primary,first,correlated_risk,correlated_risk_n1440_m6_g37_s15,4,31246.159998002953,compressed,1440,4.8784014428296205e-14,1,31246.196490212988,0.3193974579917267,15,tolerance,12,31246.159998004478
primary,second,correlated_risk,correlated_risk_n1440_m6_g37_s15,4,31246.159998002953,compressed,1440,4.8784014428296205e-14,2,31246.196490212988,0.3177067500073463,15,tolerance,12,31246.159998004478
primary,first,correlated_risk,correlated_risk_n1440_m6_g37_s15,4,31246.159998002953,compressed,1440,4.8784014428296205e-14,3,31246.196490212988,0.31796266601304524,15,tolerance,12,31246.159998004478
primary,second,correlated_risk,correlated_risk_n1440_m6_g37_s15,4,31246.159998002953,compressed,1440,4.8784014428296205e-14,4,31246.196490212988,0.3172559579834342,15,tolerance,12,31246.159998004478
primary,first,correlated_risk,correlated_risk_n1440_m6_g37_s15,4,31246.159998002953,clique,1440,0.0,0,31325.31206242214,0.9200150000106078,15,exact,12,31246.159998002953
primary,second,correlated_risk,correlated_risk_n1440_m6_g37_s15,4,31246.159998002953,clique,1440,0.0,1,31325.31206242214,0.9210561249929015,15,exact,12,31246.159998002953
primary,first,correlated_risk,correlated_risk_n1440_m6_g37_s15,4,31246.159998002953,clique,1440,0.0,2,31325.31206242214,0.9201357919955626,15,exact,12,31246.159998002953
primary,second,correlated_risk,correlated_risk_n1440_m6_g37_s15,4,31246.159998002953,clique,1440,0.0,3,31325.31206242214,0.9218142080062535,15,exact,12,31246.159998002953
primary,first,correlated_risk,correlated_risk_n1440_m6_g37_s15,4,31246.159998002953,clique,1440,0.0,4,31325.31206242214,0.9174110839958303,15,exact,12,31246.159998002953
primary,second,near_tie,near_tie_n360_m6_g18_s11,3,6590.053454982522,compressed,360,2.354454287546793e-12,0,6590.053454998038,0.07092245799140073,11,tolerance,12,6590.053454998038
primary,first,near_tie,near_tie_n360_m6_g18_s11,3,6590.053454982522,compressed,360,2.354454287546793e-12,1,6590.053454998038,0.07108324998989701,11,tolerance,12,6590.053454998038
primary,second,near_tie,near_tie_n360_m6_g18_s11,3,6590.053454982522,compressed,360,2.354454287546793e-12,2,6590.053454998038,0.07178349999594502,11,tolerance,12,6590.053454998038
primary,first,near_tie,near_tie_n360_m6_g18_s11,3,6590.053454982522,compressed,360,2.354454287546793e-12,3,6590.053454998038,0.07116212500841357,11,tolerance,12,6590.053454998038
primary,second,near_tie,near_tie_n360_m6_g18_s11,3,6590.053454982522,compressed,360,2.354454287546793e-12,4,6590.053454998038,0.07127266598399729,11,tolerance,12,6590.053454998038
primary,first,near_tie,near_tie_n360_m6_g18_s11,4,6590.053454982522,clique,360,0.0,0,6609.79549693779,0.11834879100206308,11,exact,12,6590.053454982522
primary,second,near_tie,near_tie_n360_m6_g18_s11,4,6590.053454982522,clique,360,0.0,1,6609.79549693779,0.11740779201500118,11,exact,12,6590.053454982522
primary,first,near_tie,near_tie_n360_m6_g18_s11,4,6590.053454982522,clique,360,0.0,2,6609.79549693779,0.11701800001901574,11,exact,12,6590.053454982522
primary,second,near_tie,near_tie_n360_m6_g18_s11,4,6590.053454982522,clique,360,0.0,3,6609.79549693779,0.11764387501170859,11,exact,12,6590.053454982522
primary,first,near_tie,near_tie_n360_m6_g18_s11,4,6590.053454982522,clique,360,0.0,4,6609.79549693779,0.11710800000582822,11,exact,12,6590.053454982522
primary,first,near_tie,near_tie_n360_m6_g18_s12,3,6601.833560947779,compressed,360,6.640222632204874e-14,0,6601.833560948217,0.07280291698407382,12,tolerance,12,6601.833560948217
primary,second,near_tie,near_tie_n360_m6_g18_s12,3,6601.833560947779,compressed,360,6.640222632204874e-14,1,6601.833560948217,0.07298941700719297,12,tolerance,12,6601.833560948217
primary,first,near_tie,near_tie_n360_m6_g18_s12,3,6601.833560947779,compressed,360,6.640222632204874e-14,2,6601.833560948217,0.07260154199320823,12,tolerance,12,6601.833560948217
primary,second,near_tie,near_tie_n360_m6_g18_s12,3,6601.833560947779,compressed,360,6.640222632204874e-14,3,6601.833560948217,0.07317512499867007,12,tolerance,12,6601.833560948217
primary,first,near_tie,near_tie_n360_m6_g18_s12,3,6601.833560947779,compressed,360,6.640222632204874e-14,4,6601.833560948217,0.0730867089878302,12,tolerance,12,6601.833560948217
primary,second,near_tie,near_tie_n360_m6_g18_s12,4,6601.833560947779,clique,360,0.0,0,6615.620376196059,0.1149048329971265,12,exact,12,6601.833560947779
primary,first,near_tie,near_tie_n360_m6_g18_s12,4,6601.833560947779,clique,360,0.0,1,6615.620376196059,0.11424979101866484,12,exact,12,6601.833560947779
primary,second,near_tie,near_tie_n360_m6_g18_s12,4,6601.833560947779,clique,360,0.0,2,6615.620376196059,0.11404804198537022,12,exact,12,6601.833560947779
primary,first,near_tie,near_tie_n360_m6_g18_s12,4,6601.833560947779,clique,360,0.0,3,6615.620376196059,0.1142096660041716,12,exact,12,6601.833560947779
primary,second,near_tie,near_tie_n360_m6_g18_s12,4,6601.833560947779,clique,360,0.0,4,6615.620376196059,0.1147411250276491,12,exact,12,6601.833560947779
primary,second,near_tie,near_tie_n360_m6_g18_s13,0,6607.365378081082,compressed,360,6.876924871040165e-13,0,6607.365378085626,0.03447620800579898,13,tolerance,3,6607.365378085626
primary,first,near_tie,near_tie_n360_m6_g18_s13,0,6607.365378081082,compressed,360,6.876924871040165e-13,1,6607.365378085626,0.03423645900329575,13,tolerance,3,6607.365378085626
primary,second,near_tie,near_tie_n360_m6_g18_s13,0,6607.365378081082,compressed,360,6.876924871040165e-13,2,6607.365378085626,0.03398770798230544,13,tolerance,3,6607.365378085626
primary,first,near_tie,near_tie_n360_m6_g18_s13,0,6607.365378081082,compressed,360,6.876924871040165e-13,3,6607.365378085626,0.03408383301575668,13,tolerance,3,6607.365378085626
primary,second,near_tie,near_tie_n360_m6_g18_s13,0,6607.365378081082,compressed,360,6.876924871040165e-13,4,6607.365378085626,0.03426437499001622,13,tolerance,3,6607.365378085626
primary,first,near_tie,near_tie_n360_m6_g18_s13,3,6607.365378081082,clique,360,8.258916978831263e-16,0,6623.903280786733,0.10588779198587872,13,tolerance,12,6607.365378081087
primary,second,near_tie,near_tie_n360_m6_g18_s13,3,6607.365378081082,clique,360,8.258916978831263e-16,1,6623.903280786733,0.10447354198549874,13,tolerance,12,6607.365378081087
primary,first,near_tie,near_tie_n360_m6_g18_s13,3,6607.365378081082,clique,360,8.258916978831263e-16,2,6623.903280786733,0.1041923750017304,13,tolerance,12,6607.365378081087
primary,second,near_tie,near_tie_n360_m6_g18_s13,3,6607.365378081082,clique,360,8.258916978831263e-16,3,6623.903280786733,0.10436654201475903,13,tolerance,12,6607.365378081087
primary,first,near_tie,near_tie_n360_m6_g18_s13,3,6607.365378081082,clique,360,8.258916978831263e-16,4,6623.903280786733,0.10388441698160022,13,tolerance,12,6607.365378081087
primary,first,near_tie,near_tie_n360_m6_g18_s14,2,6612.970833961938,compressed,360,1.3533142803964049e-13,0,6612.970833962833,0.06090974999824539,14,tolerance,9,6612.970833962833
primary,second,near_tie,near_tie_n360_m6_g18_s14,2,6612.970833961938,compressed,360,1.3533142803964049e-13,1,6612.970833962833,0.0626438750186935,14,tolerance,9,6612.970833962833
primary,first,near_tie,near_tie_n360_m6_g18_s14,2,6612.970833961938,compressed,360,1.3533142803964049e-13,2,6612.970833962833,0.060323292011162266,14,tolerance,9,6612.970833962833
primary,second,near_tie,near_tie_n360_m6_g18_s14,2,6612.970833961938,compressed,360,1.3533142803964049e-13,3,6612.970833962833,0.05992891700589098,14,tolerance,9,6612.970833962833
primary,first,near_tie,near_tie_n360_m6_g18_s14,2,6612.970833961938,compressed,360,1.3533142803964049e-13,4,6612.970833962833,0.059721458004787564,14,tolerance,9,6612.970833962833
primary,second,near_tie,near_tie_n360_m6_g18_s14,3,6612.970833961938,clique,360,4.1259581719402585e-16,0,6628.419165457845,0.10311962498235516,14,tolerance,12,6612.970833961941
primary,first,near_tie,near_tie_n360_m6_g18_s14,3,6612.970833961938,clique,360,4.1259581719402585e-16,1,6628.419165457845,0.10282208400894888,14,tolerance,12,6612.970833961941
primary,second,near_tie,near_tie_n360_m6_g18_s14,3,6612.970833961938,clique,360,4.1259581719402585e-16,2,6628.419165457845,0.10340391701902263,14,tolerance,12,6612.970833961941
primary,first,near_tie,near_tie_n360_m6_g18_s14,3,6612.970833961938,clique,360,4.1259581719402585e-16,3,6628.419165457845,0.10285279201343656,14,tolerance,12,6612.970833961941
primary,second,near_tie,near_tie_n360_m6_g18_s14,3,6612.970833961938,clique,360,4.1259581719402585e-16,4,6628.419165457845,0.1070562079839874,14,tolerance,12,6612.970833961941
primary,second,near_tie,near_tie_n360_m6_g18_s15,3,6579.554450019629,compressed,360,1.9129710489435957e-12,0,6579.554450032216,0.0727291660150513,15,tolerance,12,6579.554450032216
primary,first,near_tie,near_tie_n360_m6_g18_s15,3,6579.554450019629,compressed,360,1.9129710489435957e-12,1,6579.554450032216,0.0726133749994915,15,tolerance,12,6579.554450032216
primary,second,near_tie,near_tie_n360_m6_g18_s15,3,6579.554450019629,compressed,360,1.9129710489435957e-12,2,6579.554450032216,0.07316029100911692,15,tolerance,12,6579.554450032216
primary,first,near_tie,near_tie_n360_m6_g18_s15,3,6579.554450019629,compressed,360,1.9129710489435957e-12,3,6579.554450032216,0.07300654199207202,15,tolerance,12,6579.554450032216
primary,second,near_tie,near_tie_n360_m6_g18_s15,3,6579.554450019629,compressed,360,1.9129710489435957e-12,4,6579.554450032216,0.0727795000129845,15,tolerance,12,6579.554450032216
primary,first,near_tie,near_tie_n360_m6_g18_s15,3,6579.554450019629,clique,360,0.0,0,6592.840870404399,0.10741366597358137,15,exact,12,6579.554450019629
primary,second,near_tie,near_tie_n360_m6_g18_s15,3,6579.554450019629,clique,360,0.0,1,6592.840870404399,0.10494520899374038,15,exact,12,6579.554450019629
primary,first,near_tie,near_tie_n360_m6_g18_s15,3,6579.554450019629,clique,360,0.0,2,6592.840870404399,0.10603562500909902,15,exact,12,6579.554450019629
primary,second,near_tie,near_tie_n360_m6_g18_s15,3,6579.554450019629,clique,360,0.0,3,6592.840870404399,0.1052382499910891,15,exact,12,6579.554450019629
primary,first,near_tie,near_tie_n360_m6_g18_s15,3,6579.554450019629,clique,360,0.0,4,6592.840870404399,0.10502729198196903,15,exact,12,6579.554450019629
primary,second,near_tie,near_tie_n720_m6_g26_s11,3,13219.609608102983,compressed,720,9.203917877317886e-13,0,13219.60960811515,0.1316957089875359,11,tolerance,12,13219.60960811515
primary,first,near_tie,near_tie_n720_m6_g26_s11,3,13219.609608102983,compressed,720,9.203917877317886e-13,1,13219.60960811515,0.13270820799516514,11,tolerance,12,13219.60960811515
primary,second,near_tie,near_tie_n720_m6_g26_s11,3,13219.609608102983,compressed,720,9.203917877317886e-13,2,13219.60960811515,0.18406658302410506,11,tolerance,12,13219.60960811515
primary,first,near_tie,near_tie_n720_m6_g26_s11,3,13219.609608102983,compressed,720,9.203917877317886e-13,3,13219.60960811515,0.13272033300017938,11,tolerance,12,13219.60960811515
primary,second,near_tie,near_tie_n720_m6_g26_s11,3,13219.609608102983,compressed,720,9.203917877317886e-13,4,13219.60960811515,0.1324319159903098,11,tolerance,12,13219.60960811515
primary,first,near_tie,near_tie_n720_m6_g26_s11,4,13219.609608102983,clique,720,4.127934464337518e-16,0,13236.721199910975,0.2614584169932641,11,tolerance,12,13219.609608102988
primary,second,near_tie,near_tie_n720_m6_g26_s11,4,13219.609608102983,clique,720,4.127934464337518e-16,1,13236.721199910975,0.2607430419884622,11,tolerance,12,13219.609608102988
primary,first,near_tie,near_tie_n720_m6_g26_s11,4,13219.609608102983,clique,720,4.127934464337518e-16,2,13236.721199910975,0.2675278749957215,11,tolerance,12,13219.609608102988
primary,second,near_tie,near_tie_n720_m6_g26_s11,4,13219.609608102983,clique,720,4.127934464337518e-16,3,13236.721199910975,0.26368212499073707,11,tolerance,12,13219.609608102988
primary,first,near_tie,near_tie_n720_m6_g26_s11,4,13219.609608102983,clique,720,4.127934464337518e-16,4,13236.721199910975,0.26213570902473293,11,tolerance,12,13219.609608102988
primary,first,near_tie,near_tie_n720_m6_g26_s12,3,13249.28694098057,compressed,720,2.928387327594675e-13,0,13249.28694098445,0.13753058400470763,12,tolerance,12,13249.28694098445
primary,second,near_tie,near_tie_n720_m6_g26_s12,3,13249.28694098057,compressed,720,2.928387327594675e-13,1,13249.28694098445,0.13145008301944472,12,tolerance,12,13249.28694098445
primary,first,near_tie,near_tie_n720_m6_g26_s12,3,13249.28694098057,compressed,720,2.928387327594675e-13,2,13249.28694098445,0.1318383339967113,12,tolerance,12,13249.28694098445
primary,second,near_tie,near_tie_n720_m6_g26_s12,3,13249.28694098057,compressed,720,2.928387327594675e-13,3,13249.28694098445,0.13273420798941515,12,tolerance,12,13249.28694098445
primary,first,near_tie,near_tie_n720_m6_g26_s12,3,13249.28694098057,compressed,720,2.928387327594675e-13,4,13249.28694098445,0.13239341700682417,12,tolerance,12,13249.28694098445
primary,second,near_tie,near_tie_n720_m6_g26_s12,4,13249.28694098057,clique,720,1.3728960748216948e-15,0,13268.53877499107,0.258084000000963,12,tolerance,12,13249.286940980588
primary,first,near_tie,near_tie_n720_m6_g26_s12,4,13249.28694098057,clique,720,1.3728960748216948e-15,1,13268.53877499107,0.2573005000012927,12,tolerance,12,13249.286940980588
primary,second,near_tie,near_tie_n720_m6_g26_s12,4,13249.28694098057,clique,720,1.3728960748216948e-15,2,13268.53877499107,0.2570960830198601,12,tolerance,12,13249.286940980588
primary,first,near_tie,near_tie_n720_m6_g26_s12,4,13249.28694098057,clique,720,1.3728960748216948e-15,3,13268.53877499107,0.25849170799483545,12,tolerance,12,13249.286940980588
primary,second,near_tie,near_tie_n720_m6_g26_s12,4,13249.28694098057,clique,720,1.3728960748216948e-15,4,13268.53877499107,0.25731204100884497,12,tolerance,12,13249.286940980588
primary,second,near_tie,near_tie_n720_m6_g26_s13,0,13291.032276390644,compressed,720,1.55197424904694e-13,0,13291.032276392707,0.06281758300610818,13,tolerance,3,13291.032276392707
primary,first,near_tie,near_tie_n720_m6_g26_s13,0,13291.032276390644,compressed,720,1.55197424904694e-13,1,13291.032276392707,0.06419058298342861,13,tolerance,3,13291.032276392707
primary,second,near_tie,near_tie_n720_m6_g26_s13,0,13291.032276390644,compressed,720,1.55197424904694e-13,2,13291.032276392707,0.06305591599084437,13,tolerance,3,13291.032276392707
primary,first,near_tie,near_tie_n720_m6_g26_s13,0,13291.032276390644,compressed,720,1.55197424904694e-13,3,13291.032276392707,0.06349416601005942,13,tolerance,3,13291.032276392707
primary,second,near_tie,near_tie_n720_m6_g26_s13,0,13291.032276390644,compressed,720,1.55197424904694e-13,4,13291.032276392707,0.06363204200170003,13,tolerance,3,13291.032276392707
primary,first,near_tie,near_tie_n720_m6_g26_s13,2,13291.032276390644,clique,720,0.0,0,13311.611564393093,0.1733996249968186,13,exact,9,13291.032276390644
primary,second,near_tie,near_tie_n720_m6_g26_s13,2,13291.032276390644,clique,720,0.0,1,13311.611564393093,0.17344662500545382,13,exact,9,13291.032276390644
primary,first,near_tie,near_tie_n720_m6_g26_s13,2,13291.032276390644,clique,720,0.0,2,13311.611564393093,0.17267408399493434,13,exact,9,13291.032276390644
primary,second,near_tie,near_tie_n720_m6_g26_s13,2,13291.032276390644,clique,720,0.0,3,13311.611564393093,0.1735406669904478,13,exact,9,13291.032276390644
primary,first,near_tie,near_tie_n720_m6_g26_s13,2,13291.032276390644,clique,720,0.0,4,13311.611564393093,0.17417104198830202,13,exact,9,13291.032276390644
primary,first,near_tie,near_tie_n720_m6_g26_s14,3,13294.49548610113,compressed,720,1.7390171250378179e-13,0,13294.495486103442,0.13746741699287668,14,tolerance,12,13294.495486103442
primary,second,near_tie,near_tie_n720_m6_g26_s14,3,13294.49548610113,compressed,720,1.7390171250378179e-13,1,13294.495486103442,0.13624587500817142,14,tolerance,12,13294.495486103442
primary,first,near_tie,near_tie_n720_m6_g26_s14,3,13294.49548610113,compressed,720,1.7390171250378179e-13,2,13294.495486103442,0.135293166997144,14,tolerance,12,13294.495486103442
primary,second,near_tie,near_tie_n720_m6_g26_s14,3,13294.49548610113,compressed,720,1.7390171250378179e-13,3,13294.495486103442,0.1344862919941079,14,tolerance,12,13294.495486103442
primary,first,near_tie,near_tie_n720_m6_g26_s14,3,13294.49548610113,compressed,720,1.7390171250378179e-13,4,13294.495486103442,0.13498233299469575,14,tolerance,12,13294.495486103442
primary,second,near_tie,near_tie_n720_m6_g26_s14,3,13294.49548610113,clique,720,0.0,0,13310.624762439726,0.23686254199128598,14,exact,12,13294.49548610113
primary,first,near_tie,near_tie_n720_m6_g26_s14,3,13294.49548610113,clique,720,0.0,1,13310.624762439726,0.23624791600741446,14,exact,12,13294.49548610113
primary,second,near_tie,near_tie_n720_m6_g26_s14,3,13294.49548610113,clique,720,0.0,2,13310.624762439726,0.2363536250195466,14,exact,12,13294.49548610113
primary,first,near_tie,near_tie_n720_m6_g26_s14,3,13294.49548610113,clique,720,0.0,3,13310.624762439726,0.23578729198197834,14,exact,12,13294.49548610113
primary,second,near_tie,near_tie_n720_m6_g26_s14,3,13294.49548610113,clique,720,0.0,4,13310.624762439726,0.23418041699915193,14,exact,12,13294.49548610113
primary,second,near_tie,near_tie_n720_m6_g26_s15,3,13209.565394381363,compressed,720,7.347802268687169e-13,0,13209.56539439107,0.1334078329964541,15,tolerance,12,13209.56539439107
primary,first,near_tie,near_tie_n720_m6_g26_s15,3,13209.565394381363,compressed,720,7.347802268687169e-13,1,13209.56539439107,0.13316625001607463,15,tolerance,12,13209.56539439107
primary,second,near_tie,near_tie_n720_m6_g26_s15,3,13209.565394381363,compressed,720,7.347802268687169e-13,2,13209.56539439107,0.13423166601569392,15,tolerance,12,13209.56539439107
primary,first,near_tie,near_tie_n720_m6_g26_s15,3,13209.565394381363,compressed,720,7.347802268687169e-13,3,13209.56539439107,0.13417845900403336,15,tolerance,12,13209.56539439107
primary,second,near_tie,near_tie_n720_m6_g26_s15,3,13209.565394381363,compressed,720,7.347802268687169e-13,4,13209.56539439107,0.13387766599771567,15,tolerance,12,13209.56539439107
primary,first,near_tie,near_tie_n720_m6_g26_s15,4,13209.565394381363,clique,720,8.262146479033549e-16,0,13229.669884381849,0.261002292012563,15,tolerance,12,13209.565394381374
primary,second,near_tie,near_tie_n720_m6_g26_s15,4,13209.565394381363,clique,720,8.262146479033549e-16,1,13229.669884381849,0.26069229099084623,15,tolerance,12,13209.565394381374
primary,first,near_tie,near_tie_n720_m6_g26_s15,4,13209.565394381363,clique,720,8.262146479033549e-16,2,13229.669884381849,0.26069016600376926,15,tolerance,12,13209.565394381374
primary,second,near_tie,near_tie_n720_m6_g26_s15,4,13209.565394381363,clique,720,8.262146479033549e-16,3,13229.669884381849,0.2597645000205375,15,tolerance,12,13209.565394381374
primary,first,near_tie,near_tie_n720_m6_g26_s15,4,13209.565394381363,clique,720,8.262146479033549e-16,4,13229.669884381849,0.2610716249910183,15,tolerance,12,13209.565394381374
primary,second,near_tie,near_tie_n1440_m6_g37_s11,3,26653.5539046679,compressed,1440,3.178882888196282e-13,0,26653.553904676373,0.254714916984085,11,tolerance,12,26653.553904676373
primary,first,near_tie,near_tie_n1440_m6_g37_s11,3,26653.5539046679,compressed,1440,3.178882888196282e-13,1,26653.553904676373,0.25436837499728426,11,tolerance,12,26653.553904676373
primary,second,near_tie,near_tie_n1440_m6_g37_s11,3,26653.5539046679,compressed,1440,3.178882888196282e-13,2,26653.553904676373,0.2537741670093965,11,tolerance,12,26653.553904676373
primary,first,near_tie,near_tie_n1440_m6_g37_s11,3,26653.5539046679,compressed,1440,3.178882888196282e-13,3,26653.553904676373,0.2532135419896804,11,tolerance,12,26653.553904676373
primary,second,near_tie,near_tie_n1440_m6_g37_s11,3,26653.5539046679,compressed,1440,3.178882888196282e-13,4,26653.553904676373,0.25609195898869075,11,tolerance,12,26653.553904676373
primary,first,near_tie,near_tie_n1440_m6_g37_s11,4,26653.5539046679,clique,1440,0.0,0,26666.339040165924,0.5890287079964764,11,exact,12,26653.5539046679
primary,second,near_tie,near_tie_n1440_m6_g37_s11,4,26653.5539046679,clique,1440,0.0,1,26666.339040165924,0.586145375011256,11,exact,12,26653.5539046679
primary,first,near_tie,near_tie_n1440_m6_g37_s11,4,26653.5539046679,clique,1440,0.0,2,26666.339040165924,0.5872333330044057,11,exact,12,26653.5539046679
primary,second,near_tie,near_tie_n1440_m6_g37_s11,4,26653.5539046679,clique,1440,0.0,3,26666.339040165924,0.5867838750127703,11,exact,12,26653.5539046679
primary,first,near_tie,near_tie_n1440_m6_g37_s11,4,26653.5539046679,clique,1440,0.0,4,26666.339040165924,0.5858645830012392,11,exact,12,26653.5539046679
primary,first,near_tie,near_tie_n1440_m6_g37_s12,0,26660.85904868999,compressed,1440,9.360739116122149e-14,0,26660.859048692484,0.12160783298895694,12,tolerance,3,26660.859048692484
primary,second,near_tie,near_tie_n1440_m6_g37_s12,0,26660.85904868999,compressed,1440,9.360739116122149e-14,1,26660.859048692484,0.11997099997824989,12,tolerance,3,26660.859048692484
primary,first,near_tie,near_tie_n1440_m6_g37_s12,0,26660.85904868999,compressed,1440,9.360739116122149e-14,2,26660.859048692484,0.12048099999083206,12,tolerance,3,26660.859048692484
primary,second,near_tie,near_tie_n1440_m6_g37_s12,0,26660.85904868999,compressed,1440,9.360739116122149e-14,3,26660.859048692484,0.1210024589963723,12,tolerance,3,26660.859048692484
primary,first,near_tie,near_tie_n1440_m6_g37_s12,0,26660.85904868999,compressed,1440,9.360739116122149e-14,4,26660.859048692484,0.12129400001140311,12,tolerance,3,26660.859048692484
primary,second,near_tie,near_tie_n1440_m6_g37_s12,2,26660.85904868999,clique,1440,0.0,0,26676.41211495547,0.41208424998330884,12,exact,9,26660.85904868999
primary,first,near_tie,near_tie_n1440_m6_g37_s12,2,26660.85904868999,clique,1440,0.0,1,26676.41211495547,0.41328116599470377,12,exact,9,26660.85904868999
primary,second,near_tie,near_tie_n1440_m6_g37_s12,2,26660.85904868999,clique,1440,0.0,2,26676.41211495547,0.408420040999772,12,exact,9,26660.85904868999
primary,first,near_tie,near_tie_n1440_m6_g37_s12,2,26660.85904868999,clique,1440,0.0,3,26676.41211495547,0.4113444160029758,12,exact,9,26660.85904868999
primary,second,near_tie,near_tie_n1440_m6_g37_s12,2,26660.85904868999,clique,1440,0.0,4,26676.41211495547,0.4108019169943873,12,exact,9,26660.85904868999
primary,second,near_tie,near_tie_n1440_m6_g37_s13,0,26572.18237874562,compressed,1440,1.4101657582712078e-14,0,26572.182378745994,0.12387895898427814,13,tolerance,3,26572.182378745994
primary,first,near_tie,near_tie_n1440_m6_g37_s13,0,26572.18237874562,compressed,1440,1.4101657582712078e-14,1,26572.182378745994,0.12341650002053939,13,tolerance,3,26572.182378745994
primary,second,near_tie,near_tie_n1440_m6_g37_s13,0,26572.18237874562,compressed,1440,1.4101657582712078e-14,2,26572.182378745994,0.12803491699742153,13,tolerance,3,26572.182378745994
primary,first,near_tie,near_tie_n1440_m6_g37_s13,0,26572.18237874562,compressed,1440,1.4101657582712078e-14,3,26572.182378745994,0.12544958299258724,13,tolerance,3,26572.182378745994
primary,second,near_tie,near_tie_n1440_m6_g37_s13,0,26572.18237874562,compressed,1440,1.4101657582712078e-14,4,26572.182378745994,0.12440966698341072,13,tolerance,3,26572.182378745994
primary,first,near_tie,near_tie_n1440_m6_g37_s13,2,26572.18237874562,clique,1440,1.3690929691953474e-16,0,26591.148117025194,0.4081156669999473,13,tolerance,9,26572.182378745623
primary,second,near_tie,near_tie_n1440_m6_g37_s13,2,26572.18237874562,clique,1440,1.3690929691953474e-16,1,26591.148117025194,0.40502925001783296,13,tolerance,9,26572.182378745623
primary,first,near_tie,near_tie_n1440_m6_g37_s13,2,26572.18237874562,clique,1440,1.3690929691953474e-16,2,26591.148117025194,0.40361216699238867,13,tolerance,9,26572.182378745623
primary,second,near_tie,near_tie_n1440_m6_g37_s13,2,26572.18237874562,clique,1440,1.3690929691953474e-16,3,26591.148117025194,0.4063341660075821,13,tolerance,9,26572.182378745623
primary,first,near_tie,near_tie_n1440_m6_g37_s13,2,26572.18237874562,clique,1440,1.3690929691953474e-16,4,26591.148117025194,0.4011007089866325,13,tolerance,9,26572.182378745623
primary,first,near_tie,near_tie_n1440_m6_g37_s14,3,26619.746355030304,compressed,1440,8.07688189930822e-14,0,26619.746355032454,0.25624662498012185,14,tolerance,12,26619.746355032454
primary,second,near_tie,near_tie_n1440_m6_g37_s14,3,26619.746355030304,compressed,1440,8.07688189930822e-14,1,26619.746355032454,0.255565833998844,14,tolerance,12,26619.746355032454
primary,first,near_tie,near_tie_n1440_m6_g37_s14,3,26619.746355030304,compressed,1440,8.07688189930822e-14,2,26619.746355032454,0.25583441599155776,14,tolerance,12,26619.746355032454
primary,second,near_tie,near_tie_n1440_m6_g37_s14,3,26619.746355030304,compressed,1440,8.07688189930822e-14,3,26619.746355032454,0.2575892499880865,14,tolerance,12,26619.746355032454
primary,first,near_tie,near_tie_n1440_m6_g37_s14,3,26619.746355030304,compressed,1440,8.07688189930822e-14,4,26619.746355032454,0.2607067500066478,14,tolerance,12,26619.746355032454
primary,second,near_tie,near_tie_n1440_m6_g37_s14,3,26619.746355030304,clique,1440,0.0,0,26642.566276513182,0.5414576249895617,14,exact,12,26619.746355030304
primary,first,near_tie,near_tie_n1440_m6_g37_s14,3,26619.746355030304,clique,1440,0.0,1,26642.566276513182,0.5442887090030126,14,exact,12,26619.746355030304
primary,second,near_tie,near_tie_n1440_m6_g37_s14,3,26619.746355030304,clique,1440,0.0,2,26642.566276513182,0.5452722089830786,14,exact,12,26619.746355030304
primary,first,near_tie,near_tie_n1440_m6_g37_s14,3,26619.746355030304,clique,1440,0.0,3,26642.566276513182,0.5425887920137029,14,exact,12,26619.746355030304
primary,second,near_tie,near_tie_n1440_m6_g37_s14,3,26619.746355030304,clique,1440,0.0,4,26642.566276513182,0.5543213750061113,14,exact,12,26619.746355030304
primary,second,near_tie,near_tie_n1440_m6_g37_s15,3,26625.27294191061,compressed,1440,4.41881797336059e-13,0,26625.272941922376,0.2579764999973122,15,tolerance,12,26625.272941922376
primary,first,near_tie,near_tie_n1440_m6_g37_s15,3,26625.27294191061,compressed,1440,4.41881797336059e-13,1,26625.272941922376,0.25908395799342543,15,tolerance,12,26625.272941922376
primary,second,near_tie,near_tie_n1440_m6_g37_s15,3,26625.27294191061,compressed,1440,4.41881797336059e-13,2,26625.272941922376,0.25723950000246987,15,tolerance,12,26625.272941922376
primary,first,near_tie,near_tie_n1440_m6_g37_s15,3,26625.27294191061,compressed,1440,4.41881797336059e-13,3,26625.272941922376,0.2581062910030596,15,tolerance,12,26625.272941922376
primary,second,near_tie,near_tie_n1440_m6_g37_s15,3,26625.27294191061,compressed,1440,4.41881797336059e-13,4,26625.272941922376,0.2614416249853093,15,tolerance,12,26625.272941922376
primary,first,near_tie,near_tie_n1440_m6_g37_s15,4,26625.27294191061,clique,1440,0.0,0,26642.059683392028,0.6120877500216011,15,exact,12,26625.27294191061
primary,second,near_tie,near_tie_n1440_m6_g37_s15,4,26625.27294191061,clique,1440,0.0,1,26642.059683392028,0.6015804169874173,15,exact,12,26625.27294191061
primary,first,near_tie,near_tie_n1440_m6_g37_s15,4,26625.27294191061,clique,1440,0.0,2,26642.059683392028,0.60186533399974,15,exact,12,26625.27294191061
primary,second,near_tie,near_tie_n1440_m6_g37_s15,4,26625.27294191061,clique,1440,0.0,3,26642.059683392028,0.601928958989447,15,exact,12,26625.27294191061
primary,first,near_tie,near_tie_n1440_m6_g37_s15,4,26625.27294191061,clique,1440,0.0,4,26642.059683392028,0.6010999999998603,15,exact,12,26625.27294191061
primary,second,many_breakpoints,many_breakpoints_n360_m6_g18_s11,7,8438.852736549517,compressed,360,1.3514945593061539e-13,0,8438.852736550658,0.14539108300232328,11,tolerance,24,8438.852736550658
primary,first,many_breakpoints,many_breakpoints_n360_m6_g18_s11,7,8438.852736549517,compressed,360,1.3514945593061539e-13,1,8438.852736550658,0.14380791698931716,11,tolerance,24,8438.852736550658
primary,second,many_breakpoints,many_breakpoints_n360_m6_g18_s11,7,8438.852736549517,compressed,360,1.3514945593061539e-13,2,8438.852736550658,0.15120225001010112,11,tolerance,24,8438.852736550658
primary,first,many_breakpoints,many_breakpoints_n360_m6_g18_s11,7,8438.852736549517,compressed,360,1.3514945593061539e-13,3,8438.852736550658,0.15229741699295118,11,tolerance,24,8438.852736550658
primary,second,many_breakpoints,many_breakpoints_n360_m6_g18_s11,7,8438.852736549517,compressed,360,1.3514945593061539e-13,4,8438.852736550658,0.1458639999909792,11,tolerance,24,8438.852736550658
primary,first,many_breakpoints,many_breakpoints_n360_m6_g18_s11,7,8438.852736549517,clique,360,2.1554937150018402e-16,0,8441.152159429244,0.21875354199437425,11,tolerance,24,8438.85273654952
primary,second,many_breakpoints,many_breakpoints_n360_m6_g18_s11,7,8438.852736549517,clique,360,2.1554937150018402e-16,1,8441.152159429244,0.22084412499680184,11,tolerance,24,8438.85273654952
primary,first,many_breakpoints,many_breakpoints_n360_m6_g18_s11,7,8438.852736549517,clique,360,2.1554937150018402e-16,2,8441.152159429244,0.2931325000245124,11,tolerance,24,8438.85273654952
primary,second,many_breakpoints,many_breakpoints_n360_m6_g18_s11,7,8438.852736549517,clique,360,2.1554937150018402e-16,3,8441.152159429244,0.22812054099631496,11,tolerance,24,8438.85273654952
primary,first,many_breakpoints,many_breakpoints_n360_m6_g18_s11,7,8438.852736549517,clique,360,2.1554937150018402e-16,4,8441.152159429244,0.22316941700410098,11,tolerance,24,8438.85273654952
primary,first,many_breakpoints,many_breakpoints_n360_m6_g18_s12,7,8425.323721735258,compressed,360,3.173663720854273e-14,0,8425.323721735525,0.14573458299855702,12,tolerance,24,8425.323721735525
primary,second,many_breakpoints,many_breakpoints_n360_m6_g18_s12,7,8425.323721735258,compressed,360,3.173663720854273e-14,1,8425.323721735525,0.14443425001809373,12,tolerance,24,8425.323721735525
primary,first,many_breakpoints,many_breakpoints_n360_m6_g18_s12,7,8425.323721735258,compressed,360,3.173663720854273e-14,2,8425.323721735525,0.14436695800395682,12,tolerance,24,8425.323721735525
primary,second,many_breakpoints,many_breakpoints_n360_m6_g18_s12,7,8425.323721735258,compressed,360,3.173663720854273e-14,3,8425.323721735525,0.14495533300214447,12,tolerance,24,8425.323721735525
primary,first,many_breakpoints,many_breakpoints_n360_m6_g18_s12,7,8425.323721735258,compressed,360,3.173663720854273e-14,4,8425.323721735525,0.14364787499653175,12,tolerance,24,8425.323721735525
primary,second,many_breakpoints,many_breakpoints_n360_m6_g18_s12,7,8425.323721735258,clique,360,0.0,0,8428.460898233889,0.2189562499988824,12,exact,24,8425.323721735258
primary,first,many_breakpoints,many_breakpoints_n360_m6_g18_s12,7,8425.323721735258,clique,360,0.0,1,8428.460898233889,0.2200601660006214,12,exact,24,8425.323721735258
primary,second,many_breakpoints,many_breakpoints_n360_m6_g18_s12,7,8425.323721735258,clique,360,0.0,2,8428.460898233889,0.2186410000140313,12,exact,24,8425.323721735258
primary,first,many_breakpoints,many_breakpoints_n360_m6_g18_s12,7,8425.323721735258,clique,360,0.0,3,8428.460898233889,0.22258295802748762,12,exact,24,8425.323721735258
primary,second,many_breakpoints,many_breakpoints_n360_m6_g18_s12,7,8425.323721735258,clique,360,0.0,4,8428.460898233889,0.21759399998700246,12,exact,24,8425.323721735258
primary,second,many_breakpoints,many_breakpoints_n360_m6_g18_s13,7,8441.022470983422,compressed,360,2.6548856526233224e-13,0,8441.022470985663,0.14115387501078658,13,tolerance,24,8441.022470985663
primary,first,many_breakpoints,many_breakpoints_n360_m6_g18_s13,7,8441.022470983422,compressed,360,2.6548856526233224e-13,1,8441.022470985663,0.1437057500006631,13,tolerance,24,8441.022470985663
primary,second,many_breakpoints,many_breakpoints_n360_m6_g18_s13,7,8441.022470983422,compressed,360,2.6548856526233224e-13,2,8441.022470985663,0.14404100002138875,13,tolerance,24,8441.022470985663
primary,first,many_breakpoints,many_breakpoints_n360_m6_g18_s13,7,8441.022470983422,compressed,360,2.6548856526233224e-13,3,8441.022470985663,0.14322904098662548,13,tolerance,24,8441.022470985663
primary,second,many_breakpoints,many_breakpoints_n360_m6_g18_s13,7,8441.022470983422,compressed,360,2.6548856526233224e-13,4,8441.022470985663,0.1430126249906607,13,tolerance,24,8441.022470985663
primary,first,many_breakpoints,many_breakpoints_n360_m6_g18_s13,7,8441.022470983422,clique,360,8.619758612413384e-16,0,8443.364294545463,0.22003483297885396,13,tolerance,24,8441.02247098343
primary,second,many_breakpoints,many_breakpoints_n360_m6_g18_s13,7,8441.022470983422,clique,360,8.619758612413384e-16,1,8443.364294545463,0.22445391700603068,13,tolerance,24,8441.02247098343
primary,first,many_breakpoints,many_breakpoints_n360_m6_g18_s13,7,8441.022470983422,clique,360,8.619758612413384e-16,2,8443.364294545463,0.2213179160025902,13,tolerance,24,8441.02247098343
primary,second,many_breakpoints,many_breakpoints_n360_m6_g18_s13,7,8441.022470983422,clique,360,8.619758612413384e-16,3,8443.364294545463,0.2200615409819875,13,tolerance,24,8441.02247098343
primary,first,many_breakpoints,many_breakpoints_n360_m6_g18_s13,7,8441.022470983422,clique,360,8.619758612413384e-16,4,8443.364294545463,0.22234579201904126,13,tolerance,24,8441.02247098343
primary,first,many_breakpoints,many_breakpoints_n360_m6_g18_s14,7,8444.381677444757,compressed,360,1.8934384384679157e-13,0,8444.381677446356,0.14976925001246855,14,tolerance,24,8444.381677446356
primary,second,many_breakpoints,many_breakpoints_n360_m6_g18_s14,7,8444.381677444757,compressed,360,1.8934384384679157e-13,1,8444.381677446356,0.1482298329938203,14,tolerance,24,8444.381677446356
primary,first,many_breakpoints,many_breakpoints_n360_m6_g18_s14,7,8444.381677444757,compressed,360,1.8934384384679157e-13,2,8444.381677446356,0.14667008302058093,14,tolerance,24,8444.381677446356
primary,second,many_breakpoints,many_breakpoints_n360_m6_g18_s14,7,8444.381677444757,compressed,360,1.8934384384679157e-13,3,8444.381677446356,0.1446611249994021,14,tolerance,24,8444.381677446356
primary,first,many_breakpoints,many_breakpoints_n360_m6_g18_s14,7,8444.381677444757,compressed,360,1.8934384384679157e-13,4,8444.381677446356,0.1440287090081256,14,tolerance,24,8444.381677446356
primary,second,many_breakpoints,many_breakpoints_n360_m6_g18_s14,7,8444.381677444757,clique,360,1.0770412050443206e-15,0,8447.466934077447,0.2222728329943493,14,tolerance,24,8444.381677444766
primary,first,many_breakpoints,many_breakpoints_n360_m6_g18_s14,7,8444.381677444757,clique,360,1.0770412050443206e-15,1,8447.466934077447,0.21895170799689367,14,tolerance,24,8444.381677444766
primary,second,many_breakpoints,many_breakpoints_n360_m6_g18_s14,7,8444.381677444757,clique,360,1.0770412050443206e-15,2,8447.466934077447,0.21795699998619966,14,tolerance,24,8444.381677444766
primary,first,many_breakpoints,many_breakpoints_n360_m6_g18_s14,7,8444.381677444757,clique,360,1.0770412050443206e-15,3,8447.466934077447,0.21809504099655896,14,tolerance,24,8444.381677444766
primary,second,many_breakpoints,many_breakpoints_n360_m6_g18_s14,7,8444.381677444757,clique,360,1.0770412050443206e-15,4,8447.466934077447,0.21837908300221898,14,tolerance,24,8444.381677444766
primary,second,many_breakpoints,many_breakpoints_n360_m6_g18_s15,7,8462.02154727748,compressed,360,4.019737087203628e-14,0,8462.02154727782,0.14223437500186265,15,tolerance,24,8462.02154727782
primary,first,many_breakpoints,many_breakpoints_n360_m6_g18_s15,7,8462.02154727748,compressed,360,4.019737087203628e-14,1,8462.02154727782,0.1432170829793904,15,tolerance,24,8462.02154727782
primary,second,many_breakpoints,many_breakpoints_n360_m6_g18_s15,7,8462.02154727748,compressed,360,4.019737087203628e-14,2,8462.02154727782,0.14224575000116602,15,tolerance,24,8462.02154727782
primary,first,many_breakpoints,many_breakpoints_n360_m6_g18_s15,7,8462.02154727748,compressed,360,4.019737087203628e-14,3,8462.02154727782,0.14159716700669378,15,tolerance,24,8462.02154727782
primary,second,many_breakpoints,many_breakpoints_n360_m6_g18_s15,7,8462.02154727748,compressed,360,4.019737087203628e-14,4,8462.02154727782,0.14294508297462016,15,tolerance,24,8462.02154727782
primary,first,many_breakpoints,many_breakpoints_n360_m6_g18_s15,7,8462.02154727748,clique,360,0.0,0,8464.37699997719,0.21999108299496584,15,exact,24,8462.02154727748
primary,second,many_breakpoints,many_breakpoints_n360_m6_g18_s15,7,8462.02154727748,clique,360,0.0,1,8464.37699997719,0.2192861660150811,15,exact,24,8462.02154727748
primary,first,many_breakpoints,many_breakpoints_n360_m6_g18_s15,7,8462.02154727748,clique,360,0.0,2,8464.37699997719,0.21897837502183393,15,exact,24,8462.02154727748
primary,second,many_breakpoints,many_breakpoints_n360_m6_g18_s15,7,8462.02154727748,clique,360,0.0,3,8464.37699997719,0.2184548749937676,15,exact,24,8462.02154727748
primary,first,many_breakpoints,many_breakpoints_n360_m6_g18_s15,7,8462.02154727748,clique,360,0.0,4,8464.37699997719,0.21852950000902638,15,exact,24,8462.02154727748
primary,second,many_breakpoints,many_breakpoints_n720_m6_g26_s11,7,16724.88514814317,compressed,720,7.693892295153838e-07,0,16724.898016089668,0.2921845829987433,11,tolerance,24,16724.898016089668
primary,first,many_breakpoints,many_breakpoints_n720_m6_g26_s11,7,16724.88514814317,compressed,720,7.693892295153838e-07,1,16724.898016089668,0.29207429199595936,11,tolerance,24,16724.898016089668
primary,second,many_breakpoints,many_breakpoints_n720_m6_g26_s11,7,16724.88514814317,compressed,720,7.693892295153838e-07,2,16724.898016089668,0.29294066701550037,11,tolerance,24,16724.898016089668
primary,first,many_breakpoints,many_breakpoints_n720_m6_g26_s11,7,16724.88514814317,compressed,720,7.693892295153838e-07,3,16724.898016089668,0.2912534580100328,11,tolerance,24,16724.898016089668
primary,second,many_breakpoints,many_breakpoints_n720_m6_g26_s11,7,16724.88514814317,compressed,720,7.693892295153838e-07,4,16724.898016089668,0.29132074999506585,11,tolerance,24,16724.898016089668
primary,first,many_breakpoints,many_breakpoints_n720_m6_g26_s11,7,16724.88514814317,clique,720,7.693890731192867e-07,0,16750.367449519636,0.5129713750211522,11,tolerance,24,16724.898016087052
primary,second,many_breakpoints,many_breakpoints_n720_m6_g26_s11,7,16724.88514814317,clique,720,7.693890731192867e-07,1,16750.367449519636,0.5080929159885272,11,tolerance,24,16724.898016087052
primary,first,many_breakpoints,many_breakpoints_n720_m6_g26_s11,7,16724.88514814317,clique,720,7.693890731192867e-07,2,16750.367449519636,0.5083604999817908,11,tolerance,24,16724.898016087052
primary,second,many_breakpoints,many_breakpoints_n720_m6_g26_s11,7,16724.88514814317,clique,720,7.693890731192867e-07,3,16750.367449519636,0.5081091250176542,11,tolerance,24,16724.898016087052
primary,first,many_breakpoints,many_breakpoints_n720_m6_g26_s11,7,16724.88514814317,clique,720,7.693890731192867e-07,4,16750.367449519636,0.5082659579929896,11,tolerance,24,16724.898016087052
primary,first,many_breakpoints,many_breakpoints_n720_m6_g26_s12,7,16673.297042364153,compressed,720,7.786025408359764e-07,0,16673.310024235594,0.2898915410041809,12,tolerance,24,16673.310024235594
primary,second,many_breakpoints,many_breakpoints_n720_m6_g26_s12,7,16673.297042364153,compressed,720,7.786025408359764e-07,1,16673.310024235594,0.28668733400991186,12,tolerance,24,16673.310024235594
primary,first,many_breakpoints,many_breakpoints_n720_m6_g26_s12,7,16673.297042364153,compressed,720,7.786025408359764e-07,2,16673.310024235594,0.2874606249970384,12,tolerance,24,16673.310024235594
primary,second,many_breakpoints,many_breakpoints_n720_m6_g26_s12,7,16673.297042364153,compressed,720,7.786025408359764e-07,3,16673.310024235594,0.2868669159943238,12,tolerance,24,16673.310024235594
primary,first,many_breakpoints,many_breakpoints_n720_m6_g26_s12,7,16673.297042364153,compressed,720,7.786025408359764e-07,4,16673.310024235594,0.2884865000087302,12,tolerance,24,16673.310024235594
primary,second,many_breakpoints,many_breakpoints_n720_m6_g26_s12,7,16673.297042364153,clique,720,7.786023577729498e-07,0,16700.956971301068,0.5081944580015261,12,tolerance,24,16673.31002423254
primary,first,many_breakpoints,many_breakpoints_n720_m6_g26_s12,7,16673.297042364153,clique,720,7.786023577729498e-07,1,16700.956971301068,0.5047137919755187,12,tolerance,24,16673.31002423254
primary,second,many_breakpoints,many_breakpoints_n720_m6_g26_s12,7,16673.297042364153,clique,720,7.786023577729498e-07,2,16700.956971301068,0.5053382080222946,12,tolerance,24,16673.31002423254
primary,first,many_breakpoints,many_breakpoints_n720_m6_g26_s12,7,16673.297042364153,clique,720,7.786023577729498e-07,3,16700.956971301068,0.503541292011505,12,tolerance,24,16673.31002423254
primary,second,many_breakpoints,many_breakpoints_n720_m6_g26_s12,7,16673.297042364153,clique,720,7.786023577729498e-07,4,16700.956971301068,0.5060022910183761,12,tolerance,24,16673.31002423254
primary,second,many_breakpoints,many_breakpoints_n720_m6_g26_s13,7,16699.587507591274,compressed,720,7.752849537524405e-07,0,16699.600454530202,0.2866904999827966,13,tolerance,24,16699.600454530202
primary,first,many_breakpoints,many_breakpoints_n720_m6_g26_s13,7,16699.587507591274,compressed,720,7.752849537524405e-07,1,16699.600454530202,0.28476449998561293,13,tolerance,24,16699.600454530202
primary,second,many_breakpoints,many_breakpoints_n720_m6_g26_s13,7,16699.587507591274,compressed,720,7.752849537524405e-07,2,16699.600454530202,0.2870840409887023,13,tolerance,24,16699.600454530202
primary,first,many_breakpoints,many_breakpoints_n720_m6_g26_s13,7,16699.587507591274,compressed,720,7.752849537524405e-07,3,16699.600454530202,0.2843133340065833,13,tolerance,24,16699.600454530202
primary,second,many_breakpoints,many_breakpoints_n720_m6_g26_s13,7,16699.587507591274,compressed,720,7.752849537524405e-07,4,16699.600454530202,0.287240917008603,13,tolerance,24,16699.600454530202
primary,first,many_breakpoints,many_breakpoints_n720_m6_g26_s13,7,16699.587507591274,clique,720,7.752848509279847e-07,0,16726.319341256836,0.5232720840140246,13,tolerance,24,16699.600454528485
primary,second,many_breakpoints,many_breakpoints_n720_m6_g26_s13,7,16699.587507591274,clique,720,7.752848509279847e-07,1,16726.319341256836,0.5209404580236878,13,tolerance,24,16699.600454528485
primary,first,many_breakpoints,many_breakpoints_n720_m6_g26_s13,7,16699.587507591274,clique,720,7.752848509279847e-07,2,16726.319341256836,0.5200597920047585,13,tolerance,24,16699.600454528485
primary,second,many_breakpoints,many_breakpoints_n720_m6_g26_s13,7,16699.587507591274,clique,720,7.752848509279847e-07,3,16726.319341256836,0.5218019170279149,13,tolerance,24,16699.600454528485
primary,first,many_breakpoints,many_breakpoints_n720_m6_g26_s13,7,16699.587507591274,clique,720,7.752848509279847e-07,4,16726.319341256836,0.5207753329887055,13,tolerance,24,16699.600454528485
primary,first,many_breakpoints,many_breakpoints_n720_m6_g26_s14,7,16679.650890628953,compressed,720,7.863411416029782e-07,0,16679.664006524676,0.2883487080107443,14,tolerance,24,16679.664006524676
primary,second,many_breakpoints,many_breakpoints_n720_m6_g26_s14,7,16679.650890628953,compressed,720,7.863411416029782e-07,1,16679.664006524676,0.28593462498974986,14,tolerance,24,16679.664006524676
primary,first,many_breakpoints,many_breakpoints_n720_m6_g26_s14,7,16679.650890628953,compressed,720,7.863411416029782e-07,2,16679.664006524676,0.2857817920157686,14,tolerance,24,16679.664006524676
primary,second,many_breakpoints,many_breakpoints_n720_m6_g26_s14,7,16679.650890628953,compressed,720,7.863411416029782e-07,3,16679.664006524676,0.2908278340182733,14,tolerance,24,16679.664006524676
primary,first,many_breakpoints,many_breakpoints_n720_m6_g26_s14,7,16679.650890628953,compressed,720,7.863411416029782e-07,4,16679.664006524676,0.28555408300599083,14,tolerance,24,16679.664006524676
primary,second,many_breakpoints,many_breakpoints_n720_m6_g26_s14,7,16679.650890628953,clique,720,7.863411306975377e-07,0,16707.846314543425,0.5150007919874042,14,tolerance,24,16679.664006524494
primary,first,many_breakpoints,many_breakpoints_n720_m6_g26_s14,7,16679.650890628953,clique,720,7.863411306975377e-07,1,16707.846314543425,0.51318270797492,14,tolerance,24,16679.664006524494
primary,second,many_breakpoints,many_breakpoints_n720_m6_g26_s14,7,16679.650890628953,clique,720,7.863411306975377e-07,2,16707.846314543425,0.5147219999926165,14,tolerance,24,16679.664006524494
primary,first,many_breakpoints,many_breakpoints_n720_m6_g26_s14,7,16679.650890628953,clique,720,7.863411306975377e-07,3,16707.846314543425,0.5138802090077661,14,tolerance,24,16679.664006524494
primary,second,many_breakpoints,many_breakpoints_n720_m6_g26_s14,7,16679.650890628953,clique,720,7.863411306975377e-07,4,16707.846314543425,0.5639161659928504,14,tolerance,24,16679.664006524494
primary,second,many_breakpoints,many_breakpoints_n720_m6_g26_s15,7,16686.13850224955,compressed,720,7.924106528929776e-07,0,16686.151724523454,0.2908128749986645,15,tolerance,24,16686.151724523454
primary,first,many_breakpoints,many_breakpoints_n720_m6_g26_s15,7,16686.13850224955,compressed,720,7.924106528929776e-07,1,16686.151724523454,0.29109866698854603,15,tolerance,24,16686.151724523454
primary,second,many_breakpoints,many_breakpoints_n720_m6_g26_s15,7,16686.13850224955,compressed,720,7.924106528929776e-07,2,16686.151724523454,0.2903715000138618,15,tolerance,24,16686.151724523454
primary,first,many_breakpoints,many_breakpoints_n720_m6_g26_s15,7,16686.13850224955,compressed,720,7.924106528929776e-07,3,16686.151724523454,0.29139754199422896,15,tolerance,24,16686.151724523454
primary,second,many_breakpoints,many_breakpoints_n720_m6_g26_s15,7,16686.13850224955,compressed,720,7.924106528929776e-07,4,16686.151724523454,0.2940218329895288,15,tolerance,24,16686.151724523454
primary,first,many_breakpoints,many_breakpoints_n720_m6_g26_s15,7,16686.13850224955,clique,720,7.924105484594774e-07,0,16714.76366963374,0.5145647919853218,15,tolerance,24,16686.15172452171
primary,second,many_breakpoints,many_breakpoints_n720_m6_g26_s15,7,16686.13850224955,clique,720,7.924105484594774e-07,1,16714.76366963374,0.5117897499876563,15,tolerance,24,16686.15172452171
primary,first,many_breakpoints,many_breakpoints_n720_m6_g26_s15,7,16686.13850224955,clique,720,7.924105484594774e-07,2,16714.76366963374,0.5143959589768201,15,tolerance,24,16686.15172452171
primary,second,many_breakpoints,many_breakpoints_n720_m6_g26_s15,7,16686.13850224955,clique,720,7.924105484594774e-07,3,16714.76366963374,0.513629333989229,15,tolerance,24,16686.15172452171
primary,first,many_breakpoints,many_breakpoints_n720_m6_g26_s15,7,16686.13850224955,clique,720,7.924105484594774e-07,4,16714.76366963374,0.5142473339801654,15,tolerance,24,16686.15172452171
primary,second,many_breakpoints,many_breakpoints_n1440_m6_g37_s11,8,32888.02010478352,compressed,1440,2.0721808889803198e-07,0,32888.026919776195,0.6835681670054328,11,tolerance,27,32888.026919776195
primary,first,many_breakpoints,many_breakpoints_n1440_m6_g37_s11,8,32888.02010478352,compressed,1440,2.0721808889803198e-07,1,32888.026919776195,0.6885273749940097,11,tolerance,27,32888.026919776195
primary,second,many_breakpoints,many_breakpoints_n1440_m6_g37_s11,8,32888.02010478352,compressed,1440,2.0721808889803198e-07,2,32888.026919776195,0.6838119169988204,11,tolerance,27,32888.026919776195
primary,first,many_breakpoints,many_breakpoints_n1440_m6_g37_s11,8,32888.02010478352,compressed,1440,2.0721808889803198e-07,3,32888.026919776195,0.6823747919988818,11,tolerance,27,32888.026919776195
primary,second,many_breakpoints,many_breakpoints_n1440_m6_g37_s11,8,32888.02010478352,compressed,1440,2.0721808889803198e-07,4,32888.026919776195,0.6864202079887036,11,tolerance,27,32888.026919776195
primary,first,many_breakpoints,many_breakpoints_n1440_m6_g37_s11,8,32888.02010478352,clique,1440,2.0721808557951772e-07,0,33037.40991377305,1.5284102910081856,11,tolerance,27,32888.026919776086
primary,second,many_breakpoints,many_breakpoints_n1440_m6_g37_s11,8,32888.02010478352,clique,1440,2.0721808557951772e-07,1,33037.40991377305,1.5419005830190144,11,tolerance,27,32888.026919776086
primary,first,many_breakpoints,many_breakpoints_n1440_m6_g37_s11,8,32888.02010478352,clique,1440,2.0721808557951772e-07,2,33037.40991377305,1.5285954579885583,11,tolerance,27,32888.026919776086
primary,second,many_breakpoints,many_breakpoints_n1440_m6_g37_s11,8,32888.02010478352,clique,1440,2.0721808557951772e-07,3,33037.40991377305,1.5350483329966664,11,tolerance,27,32888.026919776086
primary,first,many_breakpoints,many_breakpoints_n1440_m6_g37_s11,8,32888.02010478352,clique,1440,2.0721808557951772e-07,4,33037.40991377305,1.5262339159962721,11,tolerance,27,32888.026919776086
primary,first,many_breakpoints,many_breakpoints_n1440_m6_g37_s12,8,32907.739109744885,compressed,1440,2.0787603762670332e-07,0,32907.7459504753,0.678845958027523,12,tolerance,27,32907.7459504753
primary,second,many_breakpoints,many_breakpoints_n1440_m6_g37_s12,8,32907.739109744885,compressed,1440,2.0787603762670332e-07,1,32907.7459504753,0.6847512499953154,12,tolerance,27,32907.7459504753
primary,first,many_breakpoints,many_breakpoints_n1440_m6_g37_s12,8,32907.739109744885,compressed,1440,2.0787603762670332e-07,2,32907.7459504753,0.6841595830046572,12,tolerance,27,32907.7459504753
primary,second,many_breakpoints,many_breakpoints_n1440_m6_g37_s12,8,32907.739109744885,compressed,1440,2.0787603762670332e-07,3,32907.7459504753,0.6837966660095844,12,tolerance,27,32907.7459504753
primary,first,many_breakpoints,many_breakpoints_n1440_m6_g37_s12,8,32907.739109744885,compressed,1440,2.0787603762670332e-07,4,32907.7459504753,0.680806374992244,12,tolerance,27,32907.7459504753
primary,second,many_breakpoints,many_breakpoints_n1440_m6_g37_s12,8,32907.739109744885,clique,1440,2.0787600822017497e-07,0,33059.28078411112,1.5843244169955142,12,tolerance,27,32907.74595047433
primary,first,many_breakpoints,many_breakpoints_n1440_m6_g37_s12,8,32907.739109744885,clique,1440,2.0787600822017497e-07,1,33059.28078411112,1.5827489589864854,12,tolerance,27,32907.74595047433
primary,second,many_breakpoints,many_breakpoints_n1440_m6_g37_s12,8,32907.739109744885,clique,1440,2.0787600822017497e-07,2,33059.28078411112,1.590298499999335,12,tolerance,27,32907.74595047433
primary,first,many_breakpoints,many_breakpoints_n1440_m6_g37_s12,8,32907.739109744885,clique,1440,2.0787600822017497e-07,3,33059.28078411112,1.6109051670064218,12,tolerance,27,32907.74595047433
primary,second,many_breakpoints,many_breakpoints_n1440_m6_g37_s12,8,32907.739109744885,clique,1440,2.0787600822017497e-07,4,33059.28078411112,1.5796271250001155,12,tolerance,27,32907.74595047433
primary,second,many_breakpoints,many_breakpoints_n1440_m6_g37_s13,8,32909.48651422363,compressed,1440,2.0653666176544653e-07,0,32909.493311239115,0.7001208339934237,13,tolerance,27,32909.493311239115
primary,first,many_breakpoints,many_breakpoints_n1440_m6_g37_s13,8,32909.48651422363,compressed,1440,2.0653666176544653e-07,1,32909.493311239115,0.6966374579933472,13,tolerance,27,32909.493311239115
primary,second,many_breakpoints,many_breakpoints_n1440_m6_g37_s13,8,32909.48651422363,compressed,1440,2.0653666176544653e-07,2,32909.493311239115,0.697241457994096,13,tolerance,27,32909.493311239115
primary,first,many_breakpoints,many_breakpoints_n1440_m6_g37_s13,8,32909.48651422363,compressed,1440,2.0653666176544653e-07,3,32909.493311239115,0.7015690409753006,13,tolerance,27,32909.493311239115
primary,second,many_breakpoints,many_breakpoints_n1440_m6_g37_s13,8,32909.48651422363,compressed,1440,2.0653666176544653e-07,4,32909.493311239115,0.7029702500149142,13,tolerance,27,32909.493311239115
primary,first,many_breakpoints,many_breakpoints_n1440_m6_g37_s13,8,32909.48651422363,clique,1440,2.0653660649295228e-07,0,33057.573374305066,1.5679560419812333,13,tolerance,27,32909.4933112373
primary,second,many_breakpoints,many_breakpoints_n1440_m6_g37_s13,8,32909.48651422363,clique,1440,2.0653660649295228e-07,1,33057.573374305066,1.5660407499817666,13,tolerance,27,32909.4933112373
primary,first,many_breakpoints,many_breakpoints_n1440_m6_g37_s13,8,32909.48651422363,clique,1440,2.0653660649295228e-07,2,33057.573374305066,1.568062790989643,13,tolerance,27,32909.4933112373
primary,second,many_breakpoints,many_breakpoints_n1440_m6_g37_s13,8,32909.48651422363,clique,1440,2.0653660649295228e-07,3,33057.573374305066,1.5733994590118527,13,tolerance,27,32909.4933112373
primary,first,many_breakpoints,many_breakpoints_n1440_m6_g37_s13,8,32909.48651422363,clique,1440,2.0653660649295228e-07,4,33057.573374305066,1.5825071670114994,13,tolerance,27,32909.4933112373
primary,first,many_breakpoints,many_breakpoints_n1440_m6_g37_s14,8,32864.018597835886,compressed,1440,2.0719510756784405e-07,0,32864.025407099754,0.6686747499916237,14,tolerance,27,32864.025407099754
primary,second,many_breakpoints,many_breakpoints_n1440_m6_g37_s14,8,32864.018597835886,compressed,1440,2.0719510756784405e-07,1,32864.025407099754,0.6650115420052316,14,tolerance,27,32864.025407099754
primary,first,many_breakpoints,many_breakpoints_n1440_m6_g37_s14,8,32864.018597835886,compressed,1440,2.0719510756784405e-07,2,32864.025407099754,0.6649616669747047,14,tolerance,27,32864.025407099754
primary,second,many_breakpoints,many_breakpoints_n1440_m6_g37_s14,8,32864.018597835886,compressed,1440,2.0719510756784405e-07,3,32864.025407099754,0.6592995829996653,14,tolerance,27,32864.025407099754
primary,first,many_breakpoints,many_breakpoints_n1440_m6_g37_s14,8,32864.018597835886,compressed,1440,2.0719510756784405e-07,4,32864.025407099754,0.6718372089962941,14,tolerance,27,32864.025407099754
primary,second,many_breakpoints,many_breakpoints_n1440_m6_g37_s14,8,32864.018597835886,clique,1440,2.0719505244027526e-07,0,33012.10019356814,1.4941274160228204,14,tolerance,27,32864.02540709794
primary,first,many_breakpoints,many_breakpoints_n1440_m6_g37_s14,8,32864.018597835886,clique,1440,2.0719505244027526e-07,1,33012.10019356814,1.5799809170130175,14,tolerance,27,32864.02540709794
primary,second,many_breakpoints,many_breakpoints_n1440_m6_g37_s14,8,32864.018597835886,clique,1440,2.0719505244027526e-07,2,33012.10019356814,1.5026536669756752,14,tolerance,27,32864.02540709794
primary,first,many_breakpoints,many_breakpoints_n1440_m6_g37_s14,8,32864.018597835886,clique,1440,2.0719505244027526e-07,3,33012.10019356814,1.486323416000232,14,tolerance,27,32864.02540709794
primary,second,many_breakpoints,many_breakpoints_n1440_m6_g37_s14,8,32864.018597835886,clique,1440,2.0719505244027526e-07,4,33012.10019356814,1.5095612080185674,14,tolerance,27,32864.02540709794
primary,second,many_breakpoints,many_breakpoints_n1440_m6_g37_s15,8,32890.658385763105,compressed,1440,2.0571970791293292e-07,0,32890.66515201974,0.7150947920163162,15,tolerance,27,32890.66515201974
primary,first,many_breakpoints,many_breakpoints_n1440_m6_g37_s15,8,32890.658385763105,compressed,1440,2.0571970791293292e-07,1,32890.66515201974,0.7123684590042103,15,tolerance,27,32890.66515201974
primary,second,many_breakpoints,many_breakpoints_n1440_m6_g37_s15,8,32890.658385763105,compressed,1440,2.0571970791293292e-07,2,32890.66515201974,0.6797448330034968,15,tolerance,27,32890.66515201974
primary,first,many_breakpoints,many_breakpoints_n1440_m6_g37_s15,8,32890.658385763105,compressed,1440,2.0571970791293292e-07,3,32890.66515201974,0.6812590420013294,15,tolerance,27,32890.66515201974
primary,second,many_breakpoints,many_breakpoints_n1440_m6_g37_s15,8,32890.658385763105,compressed,1440,2.0571970791293292e-07,4,32890.66515201974,0.6787674580118619,15,tolerance,27,32890.66515201974
primary,first,many_breakpoints,many_breakpoints_n1440_m6_g37_s15,8,32890.658385763105,clique,1440,2.0571966344840856e-07,0,33034.71735088647,1.7470351250085514,15,tolerance,27,32890.66515201828
primary,second,many_breakpoints,many_breakpoints_n1440_m6_g37_s15,8,32890.658385763105,clique,1440,2.0571966344840856e-07,1,33034.71735088647,1.5924339590128511,15,tolerance,27,32890.66515201828
primary,first,many_breakpoints,many_breakpoints_n1440_m6_g37_s15,8,32890.658385763105,clique,1440,2.0571966344840856e-07,2,33034.71735088647,1.5895725000009406,15,tolerance,27,32890.66515201828
primary,second,many_breakpoints,many_breakpoints_n1440_m6_g37_s15,8,32890.658385763105,clique,1440,2.0571966344840856e-07,3,33034.71735088647,1.5813902500085533,15,tolerance,27,32890.66515201828
primary,first,many_breakpoints,many_breakpoints_n1440_m6_g37_s15,8,32890.658385763105,clique,1440,2.0571966344840856e-07,4,33034.71735088647,1.5765552920056507,15,tolerance,27,32890.66515201828
