configuration,execution_order,family,instance,interval_splits,lower_bound,method,n,relative_gap,repeat,root_upper_bound,seconds,seed,status,theta_lp_evaluations,upper_bound
primary,second,dense_frontier,dense_frontier_n360_m6_g18_s11,3,9029.8195806245,compressed,360,1.2650588809968172e-13,0,9029.819580625643,0.3627581670007203,11,tolerance,12,9029.819580625643
primary,first,dense_frontier,dense_frontier_n360_m6_g18_s11,3,9029.8195806245,compressed,360,1.2650588809968172e-13,1,9029.819580625643,0.362420416000532,11,tolerance,12,9029.819580625643
primary,second,dense_frontier,dense_frontier_n360_m6_g18_s11,3,9029.8195806245,compressed,360,1.2650588809968172e-13,2,9029.819580625643,0.35910412500379607,11,tolerance,12,9029.819580625643
primary,first,dense_frontier,dense_frontier_n360_m6_g18_s11,3,9029.8195806245,compressed,360,1.2650588809968172e-13,3,9029.819580625643,0.36069429098279215,11,tolerance,12,9029.819580625643
primary,second,dense_frontier,dense_frontier_n360_m6_g18_s11,3,9029.8195806245,compressed,360,1.2650588809968172e-13,4,9029.819580625643,0.3591282920097001,11,tolerance,12,9029.819580625643
primary,first,dense_frontier,dense_frontier_n360_m6_g18_s11,4,9029.8195806245,clique,360,0.0,0,9038.334587804695,0.3891095829894766,11,exact,12,9029.8195806245
primary,second,dense_frontier,dense_frontier_n360_m6_g18_s11,4,9029.8195806245,clique,360,0.0,1,9038.334587804695,0.389334332983708,11,exact,12,9029.8195806245
primary,first,dense_frontier,dense_frontier_n360_m6_g18_s11,4,9029.8195806245,clique,360,0.0,2,9038.334587804695,0.38705870797275566,11,exact,12,9029.8195806245
primary,second,dense_frontier,dense_frontier_n360_m6_g18_s11,4,9029.8195806245,clique,360,0.0,3,9038.334587804695,0.3870524169760756,11,exact,12,9029.8195806245
primary,first,dense_frontier,dense_frontier_n360_m6_g18_s11,4,9029.8195806245,clique,360,0.0,4,9038.334587804695,0.3869488330092281,11,exact,12,9029.8195806245
primary,first,dense_frontier,dense_frontier_n360_m6_g18_s12,3,9018.218983885006,compressed,360,8.211273062971351e-13,0,9018.218983892411,0.35917099998914637,12,tolerance,12,9018.218983892411
primary,second,dense_frontier,dense_frontier_n360_m6_g18_s12,3,9018.218983885006,compressed,360,8.211273062971351e-13,1,9018.218983892411,0.36165479201008566,12,tolerance,12,9018.218983892411
primary,first,dense_frontier,dense_frontier_n360_m6_g18_s12,3,9018.218983885006,compressed,360,8.211273062971351e-13,2,9018.218983892411,0.3610108749999199,12,tolerance,12,9018.218983892411
primary,second,dense_frontier,dense_frontier_n360_m6_g18_s12,3,9018.218983885006,compressed,360,8.211273062971351e-13,3,9018.218983892411,0.3602254170109518,12,tolerance,12,9018.218983892411
primary,first,dense_frontier,dense_frontier_n360_m6_g18_s12,3,9018.218983885006,compressed,360,8.211273062971351e-13,4,9018.218983892411,0.3592536659853067,12,tolerance,12,9018.218983892411
primary,second,dense_frontier,dense_frontier_n360_m6_g18_s12,4,9018.218983885006,clique,360,0.0,0,9026.788731911412,0.39203304098919034,12,exact,12,9018.218983885006
primary,first,dense_frontier,dense_frontier_n360_m6_g18_s12,4,9018.218983885006,clique,360,0.0,1,9026.788731911412,0.3910112500016112,12,exact,12,9018.218983885006
primary,second,dense_frontier,dense_frontier_n360_m6_g18_s12,4,9018.218983885006,clique,360,0.0,2,9026.788731911412,0.38758291699923575,12,exact,12,9018.218983885006
primary,first,dense_frontier,dense_frontier_n360_m6_g18_s12,4,9018.218983885006,clique,360,0.0,3,9026.788731911412,0.38997666601790115,12,exact,12,9018.218983885006
primary,second,dense_frontier,dense_frontier_n360_m6_g18_s12,4,9018.218983885006,clique,360,0.0,4,9026.788731911412,0.38837737499852665,12,exact,12,9018.218983885006
primary,second,dense_frontier,dense_frontier_n360_m6_g18_s13,3,9030.302900614979,compressed,360,1.5892962342381034e-13,0,9030.302900616414,0.3601947080169339,13,tolerance,12,9030.302900616414
primary,first,dense_frontier,dense_frontier_n360_m6_g18_s13,3,9030.302900614979,compressed,360,1.5892962342381034e-13,1,9030.302900616414,0.3617177499982063,13,tolerance,12,9030.302900616414
primary,second,dense_frontier,dense_frontier_n360_m6_g18_s13,3,9030.302900614979,compressed,360,1.5892962342381034e-13,2,9030.302900616414,0.35826474998611957,13,tolerance,12,9030.302900616414
primary,first,dense_frontier,dense_frontier_n360_m6_g18_s13,3,9030.302900614979,compressed,360,1.5892962342381034e-13,3,9030.302900616414,0.3583688329963479,13,tolerance,12,9030.302900616414
primary,second,dense_frontier,dense_frontier_n360_m6_g18_s13,3,9030.302900614979,compressed,360,1.5892962342381034e-13,4,9030.302900616414,0.3581010839843657,13,tolerance,12,9030.302900616414
primary,first,dense_frontier,dense_frontier_n360_m6_g18_s13,4,9030.302900614979,clique,360,1.0071585768302303e-15,0,9039.474023286311,0.38580337501480244,13,tolerance,12,9030.302900614988
primary,second,dense_frontier,dense_frontier_n360_m6_g18_s13,4,9030.302900614979,clique,360,1.0071585768302303e-15,1,9039.474023286311,0.39131145901046693,13,tolerance,12,9030.302900614988
primary,first,dense_frontier,dense_frontier_n360_m6_g18_s13,4,9030.302900614979,clique,360,1.0071585768302303e-15,2,9039.474023286311,0.389051207981538,13,tolerance,12,9030.302900614988
primary,second,dense_frontier,dense_frontier_n360_m6_g18_s13,4,9030.302900614979,clique,360,1.0071585768302303e-15,3,9039.474023286311,0.38746895801159553,13,tolerance,12,9030.302900614988
primary,first,dense_frontier,dense_frontier_n360_m6_g18_s13,4,9030.302900614979,clique,360,1.0071585768302303e-15,4,9039.474023286311,0.38726070898701437,13,tolerance,12,9030.302900614988
primary,first,dense_frontier,dense_frontier_n360_m6_g18_s14,3,9018.439158082054,compressed,360,4.437327366359857e-14,0,9018.439158082454,0.3608926250017248,14,tolerance,12,9018.439158082454
primary,second,dense_frontier,dense_frontier_n360_m6_g18_s14,3,9018.439158082054,compressed,360,4.437327366359857e-14,1,9018.439158082454,0.3639134590048343,14,tolerance,12,9018.439158082454
primary,first,dense_frontier,dense_frontier_n360_m6_g18_s14,3,9018.439158082054,compressed,360,4.437327366359857e-14,2,9018.439158082454,0.36290024998015724,14,tolerance,12,9018.439158082454
primary,second,dense_frontier,dense_frontier_n360_m6_g18_s14,3,9018.439158082054,compressed,360,4.437327366359857e-14,3,9018.439158082454,0.36400383300497197,14,tolerance,12,9018.439158082454
primary,first,dense_frontier,dense_frontier_n360_m6_g18_s14,3,9018.439158082054,compressed,360,4.437327366359857e-14,4,9018.439158082454,0.3626485840068199,14,tolerance,12,9018.439158082454
primary,second,dense_frontier,dense_frontier_n360_m6_g18_s14,4,9018.439158082054,clique,360,8.067867938836103e-16,0,9027.69631552296,0.38805004200548865,14,tolerance,12,9018.439158082061
primary,first,dense_frontier,dense_frontier_n360_m6_g18_s14,4,9018.439158082054,clique,360,8.067867938836103e-16,1,9027.69631552296,0.3952850000059698,14,tolerance,12,9018.439158082061
primary,second,dense_frontier,dense_frontier_n360_m6_g18_s14,4,9018.439158082054,clique,360,8.067867938836103e-16,2,9027.69631552296,0.3878045000019483,14,tolerance,12,9018.439158082061
primary,first,dense_frontier,dense_frontier_n360_m6_g18_s14,4,9018.439158082054,clique,360,8.067867938836103e-16,3,9027.69631552296,0.38809108300483786,14,tolerance,12,9018.439158082061
primary,second,dense_frontier,dense_frontier_n360_m6_g18_s14,4,9018.439158082054,clique,360,8.067867938836103e-16,4,9027.69631552296,0.40268641701550223,14,tolerance,12,9018.439158082061
primary,second,dense_frontier,dense_frontier_n360_m6_g18_s15,3,9041.10647767607,compressed,360,8.11000987965143e-13,0,9041.106477683403,0.36042912502307445,15,tolerance,12,9041.106477683403
primary,first,dense_frontier,dense_frontier_n360_m6_g18_s15,3,9041.10647767607,compressed,360,8.11000987965143e-13,1,9041.106477683403,0.36018712501390837,15,tolerance,12,9041.106477683403
primary,second,dense_frontier,dense_frontier_n360_m6_g18_s15,3,9041.10647767607,compressed,360,8.11000987965143e-13,2,9041.106477683403,0.3801178330031689,15,tolerance,12,9041.106477683403
primary,first,dense_frontier,dense_frontier_n360_m6_g18_s15,3,9041.10647767607,compressed,360,8.11000987965143e-13,3,9041.106477683403,0.37087445802171715,15,tolerance,12,9041.106477683403
primary,second,dense_frontier,dense_frontier_n360_m6_g18_s15,3,9041.10647767607,compressed,360,8.11000987965143e-13,4,9041.106477683403,0.4146458330214955,15,tolerance,12,9041.106477683403
primary,first,dense_frontier,dense_frontier_n360_m6_g18_s15,4,9041.10647767607,clique,360,0.0,0,9050.225781487485,0.3884993329993449,15,exact,12,9041.10647767607
primary,second,dense_frontier,dense_frontier_n360_m6_g18_s15,4,9041.10647767607,clique,360,0.0,1,9050.225781487485,0.44266554099158384,15,exact,12,9041.10647767607
primary,first,dense_frontier,dense_frontier_n360_m6_g18_s15,4,9041.10647767607,clique,360,0.0,2,9050.225781487485,0.39765612498740666,15,exact,12,9041.10647767607
primary,second,dense_frontier,dense_frontier_n360_m6_g18_s15,4,9041.10647767607,clique,360,0.0,3,9050.225781487485,0.3998931249952875,15,exact,12,9041.10647767607
primary,first,dense_frontier,dense_frontier_n360_m6_g18_s15,4,9041.10647767607,clique,360,0.0,4,9050.225781487485,0.4080507089965977,15,exact,12,9041.10647767607
primary,second,dense_frontier,dense_frontier_n720_m6_g26_s11,3,18129.653812233937,compressed,720,2.0588182734947493e-13,0,18129.65381223767,0.7340957910055295,11,tolerance,12,18129.65381223767
primary,first,dense_frontier,dense_frontier_n720_m6_g26_s11,3,18129.653812233937,compressed,720,2.0588182734947493e-13,1,18129.65381223767,0.7326585830014665,11,tolerance,12,18129.65381223767
primary,second,dense_frontier,dense_frontier_n720_m6_g26_s11,3,18129.653812233937,compressed,720,2.0588182734947493e-13,2,18129.65381223767,0.72693220799556,11,tolerance,12,18129.65381223767
primary,first,dense_frontier,dense_frontier_n720_m6_g26_s11,3,18129.653812233937,compressed,720,2.0588182734947493e-13,3,18129.65381223767,0.7371313750045374,11,tolerance,12,18129.65381223767
primary,second,dense_frontier,dense_frontier_n720_m6_g26_s11,3,18129.653812233937,compressed,720,2.0588182734947493e-13,4,18129.65381223767,0.7307584999944083,11,tolerance,12,18129.65381223767
primary,first,dense_frontier,dense_frontier_n720_m6_g26_s11,4,18129.653812233937,clique,720,2.006645490735623e-16,0,18141.25165573289,0.8201292089943308,11,tolerance,12,18129.65381223394
primary,second,dense_frontier,dense_frontier_n720_m6_g26_s11,4,18129.653812233937,clique,720,2.006645490735623e-16,1,18141.25165573289,0.8194972079945728,11,tolerance,12,18129.65381223394
primary,first,dense_frontier,dense_frontier_n720_m6_g26_s11,4,18129.653812233937,clique,720,2.006645490735623e-16,2,18141.25165573289,0.8205412919924129,11,tolerance,12,18129.65381223394
primary,second,dense_frontier,dense_frontier_n720_m6_g26_s11,4,18129.653812233937,clique,720,2.006645490735623e-16,3,18141.25165573289,0.8213559169962537,11,tolerance,12,18129.65381223394
primary,first,dense_frontier,dense_frontier_n720_m6_g26_s11,4,18129.653812233937,clique,720,2.006645490735623e-16,4,18141.25165573289,0.821702292014379,11,tolerance,12,18129.65381223394
primary,first,dense_frontier,dense_frontier_n720_m6_g26_s12,0,18108.559134444902,compressed,720,4.580481317473615e-14,0,18108.55913444573,0.2178002090076916,12,tolerance,3,18108.55913444573
primary,second,dense_frontier,dense_frontier_n720_m6_g26_s12,0,18108.559134444902,compressed,720,4.580481317473615e-14,1,18108.55913444573,0.22028420900460333,12,tolerance,3,18108.55913444573
primary,first,dense_frontier,dense_frontier_n720_m6_g26_s12,0,18108.559134444902,compressed,720,4.580481317473615e-14,2,18108.55913444573,0.21921745798317716,12,tolerance,3,18108.55913444573
primary,second,dense_frontier,dense_frontier_n720_m6_g26_s12,0,18108.559134444902,compressed,720,4.580481317473615e-14,3,18108.55913444573,0.2216474169981666,12,tolerance,3,18108.55913444573
primary,first,dense_frontier,dense_frontier_n720_m6_g26_s12,0,18108.559134444902,compressed,720,4.580481317473615e-14,4,18108.55913444573,0.2178859999985434,12,tolerance,3,18108.55913444573
primary,second,dense_frontier,dense_frontier_n720_m6_g26_s12,3,18108.559134444902,clique,720,1.0044915169898279e-15,0,18120.245684641603,0.7953747080173343,12,tolerance,12,18108.55913444492
primary,first,dense_frontier,dense_frontier_n720_m6_g26_s12,3,18108.559134444902,clique,720,1.0044915169898279e-15,1,18120.245684641603,0.8008048330084421,12,tolerance,12,18108.55913444492
primary,second,dense_frontier,dense_frontier_n720_m6_g26_s12,3,18108.559134444902,clique,720,1.0044915169898279e-15,2,18120.245684641603,0.7962125839840155,12,tolerance,12,18108.55913444492
primary,first,dense_frontier,dense_frontier_n720_m6_g26_s12,3,18108.559134444902,clique,720,1.0044915169898279e-15,3,18120.245684641603,0.7997780000150669,12,tolerance,12,18108.55913444492
primary,second,dense_frontier,dense_frontier_n720_m6_g26_s12,3,18108.559134444902,clique,720,1.0044915169898279e-15,4,18120.245684641603,0.7973328329971991,12,tolerance,12,18108.55913444492
primary,second,dense_frontier,dense_frontier_n720_m6_g26_s13,0,18105.582035647396,compressed,720,4.969031966066874e-13,0,18105.582035656393,0.2187699589994736,13,tolerance,3,18105.582035656393
primary,first,dense_frontier,dense_frontier_n720_m6_g26_s13,0,18105.582035647396,compressed,720,4.969031966066874e-13,1,18105.582035656393,0.21725970899569802,13,tolerance,3,18105.582035656393
primary,second,dense_frontier,dense_frontier_n720_m6_g26_s13,0,18105.582035647396,compressed,720,4.969031966066874e-13,2,18105.582035656393,0.2165931659983471,13,tolerance,3,18105.582035656393
primary,first,dense_frontier,dense_frontier_n720_m6_g26_s13,0,18105.582035647396,compressed,720,4.969031966066874e-13,3,18105.582035656393,0.21753279102267697,13,tolerance,3,18105.582035656393
primary,second,dense_frontier,dense_frontier_n720_m6_g26_s13,0,18105.582035647396,compressed,720,4.969031966066874e-13,4,18105.582035656393,0.2166512080002576,13,tolerance,3,18105.582035656393
primary,first,dense_frontier,dense_frontier_n720_m6_g26_s13,4,18105.582035647396,clique,720,0.0,0,18117.54301419809,0.8264699580031447,13,exact,12,18105.582035647396
primary,second,dense_frontier,dense_frontier_n720_m6_g26_s13,4,18105.582035647396,clique,720,0.0,1,18117.54301419809,0.8203924580011517,13,exact,12,18105.582035647396
primary,first,dense_frontier,dense_frontier_n720_m6_g26_s13,4,18105.582035647396,clique,720,0.0,2,18117.54301419809,0.8217087500088383,13,exact,12,18105.582035647396
primary,second,dense_frontier,dense_frontier_n720_m6_g26_s13,4,18105.582035647396,clique,720,0.0,3,18117.54301419809,0.82348470800207,13,exact,12,18105.582035647396
primary,first,dense_frontier,dense_frontier_n720_m6_g26_s13,4,18105.582035647396,clique,720,0.0,4,18117.54301419809,0.8255079159862362,13,exact,12,18105.582035647396
primary,first,dense_frontier,dense_frontier_n720_m6_g26_s14,0,18111.93633622501,compressed,720,1.1147776805606462e-13,0,18111.93633622703,0.21676800001296215,14,tolerance,3,18111.93633622703
primary,second,dense_frontier,dense_frontier_n720_m6_g26_s14,0,18111.93633622501,compressed,720,1.1147776805606462e-13,1,18111.93633622703,0.21824079201905988,14,tolerance,3,18111.93633622703
primary,first,dense_frontier,dense_frontier_n720_m6_g26_s14,0,18111.93633622501,compressed,720,1.1147776805606462e-13,2,18111.93633622703,0.21762637500069104,14,tolerance,3,18111.93633622703
primary,second,dense_frontier,dense_frontier_n720_m6_g26_s14,0,18111.93633622501,compressed,720,1.1147776805606462e-13,3,18111.93633622703,0.21751254200353287,14,tolerance,3,18111.93633622703
primary,first,dense_frontier,dense_frontier_n720_m6_g26_s14,0,18111.93633622501,compressed,720,1.1147776805606462e-13,4,18111.93633622703,0.21704891600529663,14,tolerance,3,18111.93633622703
primary,second,dense_frontier,dense_frontier_n720_m6_g26_s14,4,18111.93633622501,clique,720,0.0,0,18122.728441488915,0.8254013750120066,14,exact,12,18111.93633622501
primary,first,dense_frontier,dense_frontier_n720_m6_g26_s14,4,18111.93633622501,clique,720,0.0,1,18122.728441488915,0.8225619580189232,14,exact,12,18111.93633622501
primary,second,dense_frontier,dense_frontier_n720_m6_g26_s14,4,18111.93633622501,clique,720,0.0,2,18122.728441488915,0.8315777079842519,14,exact,12,18111.93633622501
primary,first,dense_frontier,dense_frontier_n720_m6_g26_s14,4,18111.93633622501,clique,720,0.0,3,18122.728441488915,0.8291639169910923,14,exact,12,18111.93633622501
primary,second,dense_frontier,dense_frontier_n720_m6_g26_s14,4,18111.93633622501,clique,720,0.0,4,18122.728441488915,0.8242163340037223,14,exact,12,18111.93633622501
primary,second,dense_frontier,dense_frontier_n720_m6_g26_s15,0,18112.49224024384,compressed,720,7.913674335823143e-14,0,18112.492240245272,0.21693945900187828,15,tolerance,3,18112.492240245272
primary,first,dense_frontier,dense_frontier_n720_m6_g26_s15,0,18112.49224024384,compressed,720,7.913674335823143e-14,1,18112.492240245272,0.21635687499656342,15,tolerance,3,18112.492240245272
primary,second,dense_frontier,dense_frontier_n720_m6_g26_s15,0,18112.49224024384,compressed,720,7.913674335823143e-14,2,18112.492240245272,0.25696525000967085,15,tolerance,3,18112.492240245272
primary,first,dense_frontier,dense_frontier_n720_m6_g26_s15,0,18112.49224024384,compressed,720,7.913674335823143e-14,3,18112.492240245272,0.22126191601273604,15,tolerance,3,18112.492240245272
primary,second,dense_frontier,dense_frontier_n720_m6_g26_s15,0,18112.49224024384,compressed,720,7.913674335823143e-14,4,18112.492240245272,0.22280054099974222,15,tolerance,3,18112.492240245272
primary,first,dense_frontier,dense_frontier_n720_m6_g26_s15,4,18112.49224024384,clique,720,0.0,0,18124.2966667945,0.8378359170164913,15,exact,12,18112.49224024384
primary,second,dense_frontier,dense_frontier_n720_m6_g26_s15,4,18112.49224024384,clique,720,0.0,1,18124.2966667945,0.8343070840055589,15,exact,12,18112.49224024384
primary,first,dense_frontier,dense_frontier_n720_m6_g26_s15,4,18112.49224024384,clique,720,0.0,2,18124.2966667945,0.8283115000231192,15,exact,12,18112.49224024384
primary,second,dense_frontier,dense_frontier_n720_m6_g26_s15,4,18112.49224024384,clique,720,0.0,3,18124.2966667945,0.8251409170043189,15,exact,12,18112.49224024384
primary,first,dense_frontier,dense_frontier_n720_m6_g26_s15,4,18112.49224024384,clique,720,0.0,4,18124.2966667945,0.8243379579798784,15,exact,12,18112.49224024384
primary,second,dense_frontier,dense_frontier_n1440_m6_g37_s11,0,36315.70585434505,compressed,1440,8.815528364176538e-14,0,36315.70585434825,0.4423453749914188,11,tolerance,3,36315.70585434825
primary,first,dense_frontier,dense_frontier_n1440_m6_g37_s11,0,36315.70585434505,compressed,1440,8.815528364176538e-14,1,36315.70585434825,0.44134587500593625,11,tolerance,3,36315.70585434825
primary,second,dense_frontier,dense_frontier_n1440_m6_g37_s11,0,36315.70585434505,compressed,1440,8.815528364176538e-14,2,36315.70585434825,0.4463601660099812,11,tolerance,3,36315.70585434825
primary,first,dense_frontier,dense_frontier_n1440_m6_g37_s11,0,36315.70585434505,compressed,1440,8.815528364176538e-14,3,36315.70585434825,0.44101320797926746,11,tolerance,3,36315.70585434825
primary,second,dense_frontier,dense_frontier_n1440_m6_g37_s11,0,36315.70585434505,compressed,1440,8.815528364176538e-14,4,36315.70585434825,0.4407013749878388,11,tolerance,3,36315.70585434825
primary,first,dense_frontier,dense_frontier_n1440_m6_g37_s11,3,36315.70585434505,clique,1440,0.0,0,36328.12668453343,1.6892634999821894,11,exact,12,36315.70585434505
primary,second,dense_frontier,dense_frontier_n1440_m6_g37_s11,3,36315.70585434505,clique,1440,0.0,1,36328.12668453343,1.6804284589888994,11,exact,12,36315.70585434505
primary,first,dense_frontier,dense_frontier_n1440_m6_g37_s11,3,36315.70585434505,clique,1440,0.0,2,36328.12668453343,1.6860882919863798,11,exact,12,36315.70585434505
primary,second,dense_frontier,dense_frontier_n1440_m6_g37_s11,3,36315.70585434505,clique,1440,0.0,3,36328.12668453343,1.7063395420263987,11,exact,12,36315.70585434505
primary,first,dense_frontier,dense_frontier_n1440_m6_g37_s11,3,36315.70585434505,clique,1440,0.0,4,36328.12668453343,1.6860916659934446,11,exact,12,36315.70585434505
primary,first,dense_frontier,dense_frontier_n1440_m6_g37_s12,0,36290.427706771385,compressed,1440,1.4435458089777726e-14,0,36290.42770677191,0.4404349579999689,12,tolerance,3,36290.42770677191
primary,second,dense_frontier,dense_frontier_n1440_m6_g37_s12,0,36290.427706771385,compressed,1440,1.4435458089777726e-14,1,36290.42770677191,0.4369414999964647,12,tolerance,3,36290.42770677191
primary,first,dense_frontier,dense_frontier_n1440_m6_g37_s12,0,36290.427706771385,compressed,1440,1.4435458089777726e-14,2,36290.42770677191,0.4387037089909427,12,tolerance,3,36290.42770677191
primary,second,dense_frontier,dense_frontier_n1440_m6_g37_s12,0,36290.427706771385,compressed,1440,1.4435458089777726e-14,3,36290.42770677191,0.43790691599133424,12,tolerance,3,36290.42770677191
primary,first,dense_frontier,dense_frontier_n1440_m6_g37_s12,0,36290.427706771385,compressed,1440,1.4435458089777726e-14,4,36290.42770677191,0.43901983299292624,12,tolerance,3,36290.42770677191
primary,second,dense_frontier,dense_frontier_n1440_m6_g37_s12,3,36290.427706771385,clique,1440,4.0098494693827015e-16,0,36303.32149244875,1.7929935000138357,12,tolerance,12,36290.4277067714
primary,first,dense_frontier,dense_frontier_n1440_m6_g37_s12,3,36290.427706771385,clique,1440,4.0098494693827015e-16,1,36303.32149244875,1.6971002499922179,12,tolerance,12,36290.4277067714
primary,second,dense_frontier,dense_frontier_n1440_m6_g37_s12,3,36290.427706771385,clique,1440,4.0098494693827015e-16,2,36303.32149244875,1.707641541986959,12,tolerance,12,36290.4277067714
primary,first,dense_frontier,dense_frontier_n1440_m6_g37_s12,3,36290.427706771385,clique,1440,4.0098494693827015e-16,3,36303.32149244875,1.7002737500006333,12,tolerance,12,36290.4277067714
primary,second,dense_frontier,dense_frontier_n1440_m6_g37_s12,3,36290.427706771385,clique,1440,4.0098494693827015e-16,4,36303.32149244875,1.7076636659912765,12,tolerance,12,36290.4277067714
primary,second,dense_frontier,dense_frontier_n1440_m6_g37_s13,0,36305.75640739158,compressed,1440,1.4028547629685157e-14,0,36305.75640739209,0.4384404580050614,13,tolerance,3,36305.75640739209
primary,first,dense_frontier,dense_frontier_n1440_m6_g37_s13,0,36305.75640739158,compressed,1440,1.4028547629685157e-14,1,36305.75640739209,0.4417900000116788,13,tolerance,3,36305.75640739209
primary,second,dense_frontier,dense_frontier_n1440_m6_g37_s13,0,36305.75640739158,compressed,1440,1.4028547629685157e-14,2,36305.75640739209,0.43825924998964183,13,tolerance,3,36305.75640739209
primary,first,dense_frontier,dense_frontier_n1440_m6_g37_s13,0,36305.75640739158,compressed,1440,1.4028547629685157e-14,3,36305.75640739209,0.4419153339986224,13,tolerance,3,36305.75640739209
primary,second,dense_frontier,dense_frontier_n1440_m6_g37_s13,0,36305.75640739158,compressed,1440,1.4028547629685157e-14,4,36305.75640739209,0.44015458298963495,13,tolerance,3,36305.75640739209
primary,first,dense_frontier,dense_frontier_n1440_m6_g37_s13,3,36305.75640739158,clique,1440,1.0020391164060826e-15,0,36319.33418526041,1.6889554590161424,13,tolerance,12,36305.756407391615
primary,second,dense_frontier,dense_frontier_n1440_m6_g37_s13,3,36305.75640739158,clique,1440,1.0020391164060826e-15,1,36319.33418526041,1.6994888330227695,13,tolerance,12,36305.756407391615
primary,first,dense_frontier,dense_frontier_n1440_m6_g37_s13,3,36305.75640739158,clique,1440,1.0020391164060826e-15,2,36319.33418526041,1.695621792023303,13,tolerance,12,36305.756407391615
primary,second,dense_frontier,dense_frontier_n1440_m6_g37_s13,3,36305.75640739158,clique,1440,1.0020391164060826e-15,3,36319.33418526041,1.700262499973178,13,tolerance,12,36305.756407391615
primary,first,dense_frontier,dense_frontier_n1440_m6_g37_s13,3,36305.75640739158,clique,1440,1.0020391164060826e-15,4,36319.33418526041,1.6934359169972595,13,tolerance,12,36305.756407391615
primary,first,dense_frontier,dense_frontier_n1440_m6_g37_s14,0,36307.4342380437,compressed,1440,9.238373711970922e-14,0,36307.434238047055,0.4643713329860475,14,tolerance,3,36307.434238047055
primary,second,dense_frontier,dense_frontier_n1440_m6_g37_s14,0,36307.4342380437,compressed,1440,9.238373711970922e-14,1,36307.434238047055,0.4429808340210002,14,tolerance,3,36307.434238047055
primary,first,dense_frontier,dense_frontier_n1440_m6_g37_s14,0,36307.4342380437,compressed,1440,9.238373711970922e-14,2,36307.434238047055,0.43939866599976085,14,tolerance,3,36307.434238047055
primary,second,dense_frontier,dense_frontier_n1440_m6_g37_s14,0,36307.4342380437,compressed,1440,9.238373711970922e-14,3,36307.434238047055,0.44026454200502485,14,tolerance,3,36307.434238047055
primary,first,dense_frontier,dense_frontier_n1440_m6_g37_s14,0,36307.4342380437,compressed,1440,9.238373711970922e-14,4,36307.434238047055,0.43532054201932624,14,tolerance,3,36307.434238047055
primary,second,dense_frontier,dense_frontier_n1440_m6_g37_s14,3,36307.4342380437,clique,1440,0.0,0,36322.0347444215,1.687607833999209,14,exact,12,36307.4342380437
primary,first,dense_frontier,dense_frontier_n1440_m6_g37_s14,3,36307.4342380437,clique,1440,0.0,1,36322.0347444215,1.6981849590083584,14,exact,12,36307.4342380437
primary,second,dense_frontier,dense_frontier_n1440_m6_g37_s14,3,36307.4342380437,clique,1440,0.0,2,36322.0347444215,1.6931592499895487,14,exact,12,36307.4342380437
primary,first,dense_frontier,dense_frontier_n1440_m6_g37_s14,3,36307.4342380437,clique,1440,0.0,3,36322.0347444215,1.6964755410153884,14,exact,12,36307.4342380437
primary,second,dense_frontier,dense_frontier_n1440_m6_g37_s14,3,36307.4342380437,clique,1440,0.0,4,36322.0347444215,1.6905699589988217,14,exact,12,36307.4342380437
primary,second,dense_frontier,dense_frontier_n1440_m6_g37_s15,0,36294.861505416106,compressed,1440,9.241573933649054e-14,0,36294.86150541946,0.4370441659993958,15,tolerance,3,36294.86150541946
primary,first,dense_frontier,dense_frontier_n1440_m6_g37_s15,0,36294.861505416106,compressed,1440,9.241573933649054e-14,1,36294.86150541946,0.4400786249898374,15,tolerance,3,36294.86150541946
primary,second,dense_frontier,dense_frontier_n1440_m6_g37_s15,0,36294.861505416106,compressed,1440,9.241573933649054e-14,2,36294.86150541946,0.43888862497988157,15,tolerance,3,36294.86150541946
primary,first,dense_frontier,dense_frontier_n1440_m6_g37_s15,0,36294.861505416106,compressed,1440,9.241573933649054e-14,3,36294.86150541946,0.4381802499992773,15,tolerance,3,36294.86150541946
primary,second,dense_frontier,dense_frontier_n1440_m6_g37_s15,0,36294.861505416106,compressed,1440,9.241573933649054e-14,4,36294.86150541946,0.4384676670015324,15,tolerance,3,36294.86150541946
primary,first,dense_frontier,dense_frontier_n1440_m6_g37_s15,3,36294.861505416106,clique,1440,2.0046798120713783e-16,0,36306.77013498562,1.706307124986779,15,tolerance,12,36294.86150541611
primary,second,dense_frontier,dense_frontier_n1440_m6_g37_s15,3,36294.861505416106,clique,1440,2.0046798120713783e-16,1,36306.77013498562,1.6948928330093622,15,tolerance,12,36294.86150541611
primary,first,dense_frontier,dense_frontier_n1440_m6_g37_s15,3,36294.861505416106,clique,1440,2.0046798120713783e-16,2,36306.77013498562,1.704205667017959,15,tolerance,12,36294.86150541611
primary,second,dense_frontier,dense_frontier_n1440_m6_g37_s15,3,36294.861505416106,clique,1440,2.0046798120713783e-16,3,36306.77013498562,1.7413282500056084,15,tolerance,12,36294.86150541611
primary,first,dense_frontier,dense_frontier_n1440_m6_g37_s15,3,36294.861505416106,clique,1440,2.0046798120713783e-16,4,36306.77013498562,1.7030162919836584,15,tolerance,12,36294.86150541611
primary,second,correlated_risk,correlated_risk_n360_m6_g18_s11,3,7739.706623944944,compressed,360,2.2244686447541505e-13,0,7744.2955174244435,0.34239395800977945,11,tolerance,12,7739.706623946666
primary,first,correlated_risk,correlated_risk_n360_m6_g18_s11,3,7739.706623944944,compressed,360,2.2244686447541505e-13,1,7744.2955174244435,0.3411740000010468,11,tolerance,12,7739.706623946666
primary,second,correlated_risk,correlated_risk_n360_m6_g18_s11,3,7739.706623944944,compressed,360,2.2244686447541505e-13,2,7744.2955174244435,0.34515599999576807,11,tolerance,12,7739.706623946666
primary,first,correlated_risk,correlated_risk_n360_m6_g18_s11,3,7739.706623944944,compressed,360,2.2244686447541505e-13,3,7744.2955174244435,0.34526841700426303,11,tolerance,12,7739.706623946666
primary,second,correlated_risk,correlated_risk_n360_m6_g18_s11,3,7739.706623944944,compressed,360,2.2244686447541505e-13,4,7744.2955174244435,0.34087470901431516,11,tolerance,12,7739.706623946666
primary,first,correlated_risk,correlated_risk_n360_m6_g18_s11,5,7739.706623944944,clique,360,1.175102295168595e-15,0,7784.408190498957,0.44305720800184645,11,tolerance,13,7739.706623944953
primary,second,correlated_risk,correlated_risk_n360_m6_g18_s11,5,7739.706623944944,clique,360,1.175102295168595e-15,1,7784.408190498957,0.4437058750190772,11,tolerance,13,7739.706623944953
primary,first,correlated_risk,correlated_risk_n360_m6_g18_s11,5,7739.706623944944,clique,360,1.175102295168595e-15,2,7784.408190498957,0.4447846249968279,11,tolerance,13,7739.706623944953
primary,second,correlated_risk,correlated_risk_n360_m6_g18_s11,5,7739.706623944944,clique,360,1.175102295168595e-15,3,7784.408190498957,0.44498220898094587,11,tolerance,13,7739.706623944953
primary,first,correlated_risk,correlated_risk_n360_m6_g18_s11,5,7739.706623944944,clique,360,1.175102295168595e-15,4,7784.408190498957,0.44290933301090263,11,tolerance,13,7739.706623944953
primary,first,correlated_risk,correlated_risk_n360_m6_g18_s12,3,7737.857656360643,compressed,360,5.509020528060016e-13,0,7741.032203784237,0.34590874999412335,12,tolerance,12,7737.857656364906
primary,second,correlated_risk,correlated_risk_n360_m6_g18_s12,3,7737.857656360643,compressed,360,5.509020528060016e-13,1,7741.032203784237,0.34318104200065136,12,tolerance,12,7737.857656364906
primary,first,correlated_risk,correlated_risk_n360_m6_g18_s12,3,7737.857656360643,compressed,360,5.509020528060016e-13,2,7741.032203784237,0.34717091597849503,12,tolerance,12,7737.857656364906
primary,second,correlated_risk,correlated_risk_n360_m6_g18_s12,3,7737.857656360643,compressed,360,5.509020528060016e-13,3,7741.032203784237,0.34688274998916313,12,tolerance,12,7737.857656364906
primary,first,correlated_risk,correlated_risk_n360_m6_g18_s12,3,7737.857656360643,compressed,360,5.509020528060016e-13,4,7741.032203784237,0.3431763749977108,12,tolerance,12,7737.857656364906
primary,second,correlated_risk,correlated_risk_n360_m6_g18_s12,4,7737.857656360643,clique,360,7.052298521092404e-16,0,7782.975939756527,0.40946125000482425,12,tolerance,12,7737.857656360648
primary,first,correlated_risk,correlated_risk_n360_m6_g18_s12,4,7737.857656360643,clique,360,7.052298521092404e-16,1,7782.975939756527,0.4049630840017926,12,tolerance,12,7737.857656360648
primary,second,correlated_risk,correlated_risk_n360_m6_g18_s12,4,7737.857656360643,clique,360,7.052298521092404e-16,2,7782.975939756527,0.41174583398969844,12,tolerance,12,7737.857656360648
primary,first,correlated_risk,correlated_risk_n360_m6_g18_s12,4,7737.857656360643,clique,360,7.052298521092404e-16,3,7782.975939756527,0.4267927079927176,12,tolerance,12,7737.857656360648
primary,second,correlated_risk,correlated_risk_n360_m6_g18_s12,4,7737.857656360643,clique,360,7.052298521092404e-16,4,7782.975939756527,0.406338999979198,12,tolerance,12,7737.857656360648
primary,second,correlated_risk,correlated_risk_n360_m6_g18_s13,3,7747.184268290169,compressed,360,3.7273486445241877e-13,0,7750.77995199259,0.34441145800519735,13,tolerance,12,7747.184268293056
primary,first,correlated_risk,correlated_risk_n360_m6_g18_s13,3,7747.184268290169,compressed,360,3.7273486445241877e-13,1,7750.77995199259,0.34384395799133927,13,tolerance,12,7747.184268293056
primary,second,correlated_risk,correlated_risk_n360_m6_g18_s13,3,7747.184268290169,compressed,360,3.7273486445241877e-13,2,7750.77995199259,0.3466397500014864,13,tolerance,12,7747.184268293056
primary,first,correlated_risk,correlated_risk_n360_m6_g18_s13,3,7747.184268290169,compressed,360,3.7273486445241877e-13,3,7750.77995199259,0.34730100000160746,13,tolerance,12,7747.184268293056
primary,second,correlated_risk,correlated_risk_n360_m6_g18_s13,3,7747.184268290169,compressed,360,3.7273486445241877e-13,4,7750.77995199259,0.3449247089738492,13,tolerance,12,7747.184268293056
primary,first,correlated_risk,correlated_risk_n360_m6_g18_s13,5,7747.184268290169,clique,360,0.0,0,7790.992303805157,0.4410774580028374,13,tolerance,13,7747.184268290169
primary,second,correlated_risk,correlated_risk_n360_m6_g18_s13,5,7747.184268290169,clique,360,0.0,1,7790.992303805157,0.44226345798233524,13,tolerance,13,7747.184268290169
primary,first,correlated_risk,correlated_risk_n360_m6_g18_s13,5,7747.184268290169,clique,360,0.0,2,7790.992303805157,0.4413983330014162,13,tolerance,13,7747.184268290169
primary,second,correlated_risk,correlated_risk_n360_m6_g18_s13,5,7747.184268290169,clique,360,0.0,3,7790.992303805157,0.44436349999159575,13,tolerance,13,7747.184268290169
primary,first,correlated_risk,correlated_risk_n360_m6_g18_s13,5,7747.184268290169,clique,360,0.0,4,7790.992303805157,0.44097129101282917,13,tolerance,13,7747.184268290169
primary,first,correlated_risk,correlated_risk_n360_m6_g18_s14,3,7747.892514879527,compressed,360,2.942868932378555e-13,0,7749.564499155289,0.35254141699988395,14,tolerance,12,7747.892514881807
primary,second,correlated_risk,correlated_risk_n360_m6_g18_s14,3,7747.892514879527,compressed,360,2.942868932378555e-13,1,7749.564499155289,0.3481702090066392,14,tolerance,12,7747.892514881807
primary,first,correlated_risk,correlated_risk_n360_m6_g18_s14,3,7747.892514879527,compressed,360,2.942868932378555e-13,2,7749.564499155289,0.35126516697346233,14,tolerance,12,7747.892514881807
primary,second,correlated_risk,correlated_risk_n360_m6_g18_s14,3,7747.892514879527,compressed,360,2.942868932378555e-13,3,7749.564499155289,0.35120779200224206,14,tolerance,12,7747.892514881807
primary,first,correlated_risk,correlated_risk_n360_m6_g18_s14,3,7747.892514879527,compressed,360,2.942868932378555e-13,4,7749.564499155289,0.3480459999991581,14,tolerance,12,7747.892514881807
primary,second,correlated_risk,correlated_risk_n360_m6_g18_s14,4,7747.892514879527,clique,360,0.0,0,7788.900311669207,0.3971939999901224,14,tolerance,12,7747.892514879527
primary,first,correlated_risk,correlated_risk_n360_m6_g18_s14,4,7747.892514879527,clique,360,0.0,1,7788.900311669207,0.3937574170122389,14,tolerance,12,7747.892514879527
primary,second,correlated_risk,correlated_risk_n360_m6_g18_s14,4,7747.892514879527,clique,360,0.0,2,7788.900311669207,0.3968557500047609,14,tolerance,12,7747.892514879527
primary,first,correlated_risk,correlated_risk_n360_m6_g18_s14,4,7747.892514879527,clique,360,0.0,3,7788.900311669207,0.39839766698423773,14,tolerance,12,7747.892514879527
primary,second,correlated_risk,correlated_risk_n360_m6_g18_s14,4,7747.892514879527,clique,360,0.0,4,7788.900311669207,0.3941679999988992,14,tolerance,12,7747.892514879527
primary,second,correlated_risk,correlated_risk_n360_m6_g18_s15,3,7742.889441050216,compressed,360,3.997229320781157e-13,0,7748.652543938625,0.3398334159865044,15,tolerance,12,7742.889441053311
primary,first,correlated_risk,correlated_risk_n360_m6_g18_s15,3,7742.889441050216,compressed,360,3.997229320781157e-13,1,7748.652543938625,0.3423113749886397,15,tolerance,12,7742.889441053311
primary,second,correlated_risk,correlated_risk_n360_m6_g18_s15,3,7742.889441050216,compressed,360,3.997229320781157e-13,2,7748.652543938625,0.34180504200048745,15,tolerance,12,7742.889441053311
primary,first,correlated_risk,correlated_risk_n360_m6_g18_s15,3,7742.889441050216,compressed,360,3.997229320781157e-13,3,7748.652543938625,0.3435364580072928,15,tolerance,12,7742.889441053311
primary,second,correlated_risk,correlated_risk_n360_m6_g18_s15,3,7742.889441050216,compressed,360,3.997229320781157e-13,4,7748.652543938625,0.340007874998264,15,tolerance,12,7742.889441053311
primary,first,correlated_risk,correlated_risk_n360_m6_g18_s15,4,7742.889441050216,clique,360,1.292081179212246e-15,0,7787.754999154451,0.39565979200415313,15,tolerance,12,7742.889441050226
primary,second,correlated_risk,correlated_risk_n360_m6_g18_s15,4,7742.889441050216,clique,360,1.292081179212246e-15,1,7787.754999154451,0.39627829199889675,15,tolerance,12,7742.889441050226
primary,first,correlated_risk,correlated_risk_n360_m6_g18_s15,4,7742.889441050216,clique,360,1.292081179212246e-15,2,7787.754999154451,0.3978217499970924,15,tolerance,12,7742.889441050226
primary,second,correlated_risk,correlated_risk_n360_m6_g18_s15,4,7742.889441050216,clique,360,1.292081179212246e-15,3,7787.754999154451,0.40144170899293385,15,tolerance,12,7742.889441050226
primary,first,correlated_risk,correlated_risk_n360_m6_g18_s15,4,7742.889441050216,clique,360,1.292081179212246e-15,4,7787.754999154451,0.39910887501901016,15,tolerance,12,7742.889441050226
primary,second,correlated_risk,correlated_risk_n720_m6_g26_s11,3,15591.526554279964,compressed,720,1.2833177924782398e-15,0,15591.526554279984,0.6783009589998983,11,tolerance,12,15591.526554279984
primary,first,correlated_risk,correlated_risk_n720_m6_g26_s11,3,15591.526554279964,compressed,720,1.2833177924782398e-15,1,15591.526554279984,0.6760230420040898,11,tolerance,12,15591.526554279984
primary,second,correlated_risk,correlated_risk_n720_m6_g26_s11,3,15591.526554279964,compressed,720,1.2833177924782398e-15,2,15591.526554279984,0.6812964580021799,11,tolerance,12,15591.526554279984
primary,first,correlated_risk,correlated_risk_n720_m6_g26_s11,3,15591.526554279964,compressed,720,1.2833177924782398e-15,3,15591.526554279984,0.6789751250180416,11,tolerance,12,15591.526554279984
primary,second,correlated_risk,correlated_risk_n720_m6_g26_s11,3,15591.526554279964,compressed,720,1.2833177924782398e-15,4,15591.526554279984,0.6864810409897473,11,tolerance,12,15591.526554279984
primary,first,correlated_risk,correlated_risk_n720_m6_g26_s11,4,15591.526554279964,clique,720,4.666610154466327e-16,0,15648.204088065278,0.8475063329969998,11,tolerance,12,15591.526554279972
primary,second,correlated_risk,correlated_risk_n720_m6_g26_s11,4,15591.526554279964,clique,720,4.666610154466327e-16,1,15648.204088065278,0.8526332500041462,11,tolerance,12,15591.526554279972
primary,first,correlated_risk,correlated_risk_n720_m6_g26_s11,4,15591.526554279964,clique,720,4.666610154466327e-16,2,15648.204088065278,0.8562424999836367,11,tolerance,12,15591.526554279972
primary,second,correlated_risk,correlated_risk_n720_m6_g26_s11,4,15591.526554279964,clique,720,4.666610154466327e-16,3,15648.204088065278,0.8494887090055272,11,tolerance,12,15591.526554279972
primary,first,correlated_risk,correlated_risk_n720_m6_g26_s11,4,15591.526554279964,clique,720,4.666610154466327e-16,4,15648.204088065278,0.8521017089951783,11,tolerance,12,15591.526554279972
primary,first,correlated_risk,correlated_risk_n720_m6_g26_s12,3,15577.826896288221,compressed,720,1.5179820910534414e-15,0,15577.826896288245,0.6846172910009045,12,tolerance,12,15577.826896288245
primary,second,correlated_risk,correlated_risk_n720_m6_g26_s12,3,15577.826896288221,compressed,720,1.5179820910534414e-15,1,15577.826896288245,0.6737938330043107,12,tolerance,12,15577.826896288245
primary,first,correlated_risk,correlated_risk_n720_m6_g26_s12,3,15577.826896288221,compressed,720,1.5179820910534414e-15,2,15577.826896288245,0.7410246249928605,12,tolerance,12,15577.826896288245
primary,second,correlated_risk,correlated_risk_n720_m6_g26_s12,3,15577.826896288221,compressed,720,1.5179820910534414e-15,3,15577.826896288245,0.6747472500137519,12,tolerance,12,15577.826896288245
primary,first,correlated_risk,correlated_risk_n720_m6_g26_s12,3,15577.826896288221,compressed,720,1.5179820910534414e-15,4,15577.826896288245,0.6734955409774557,12,tolerance,12,15577.826896288245
primary,second,correlated_risk,correlated_risk_n720_m6_g26_s12,4,15577.826896288221,clique,720,9.341428252636562e-16,0,15632.608987189466,0.8848426659824327,12,tolerance,12,15577.826896288236
primary,first,correlated_risk,correlated_risk_n720_m6_g26_s12,4,15577.826896288221,clique,720,9.341428252636562e-16,1,15632.608987189466,0.8794475829927251,12,tolerance,12,15577.826896288236
primary,second,correlated_risk,correlated_risk_n720_m6_g26_s12,4,15577.826896288221,clique,720,9.341428252636562e-16,2,15632.608987189466,0.8921646250237245,12,tolerance,12,15577.826896288236
primary,first,correlated_risk,correlated_risk_n720_m6_g26_s12,4,15577.826896288221,clique,720,9.341428252636562e-16,3,15632.608987189466,0.8811329169839155,12,tolerance,12,15577.826896288236
primary,second,correlated_risk,correlated_risk_n720_m6_g26_s12,4,15577.826896288221,clique,720,9.341428252636562e-16,4,15632.608987189466,0.8916606249986216,12,tolerance,12,15577.826896288236
primary,second,correlated_risk,correlated_risk_n720_m6_g26_s13,3,15559.34509520718,compressed,720,2.124192069794061e-13,0,15559.345095210485,0.6772397909953725,13,tolerance,12,15559.345095210485
primary,first,correlated_risk,correlated_risk_n720_m6_g26_s13,3,15559.34509520718,compressed,720,2.124192069794061e-13,1,15559.345095210485,0.6740522920154035,13,tolerance,12,15559.345095210485
primary,second,correlated_risk,correlated_risk_n720_m6_g26_s13,3,15559.34509520718,compressed,720,2.124192069794061e-13,2,15559.345095210485,0.6814082910132129,13,tolerance,12,15559.345095210485
primary,first,correlated_risk,correlated_risk_n720_m6_g26_s13,3,15559.34509520718,compressed,720,2.124192069794061e-13,3,15559.345095210485,0.6785448750015348,13,tolerance,12,15559.345095210485
primary,second,correlated_risk,correlated_risk_n720_m6_g26_s13,3,15559.34509520718,compressed,720,2.124192069794061e-13,4,15559.345095210485,0.6768701669934671,13,tolerance,12,15559.345095210485
primary,first,correlated_risk,correlated_risk_n720_m6_g26_s13,4,15559.34509520718,clique,720,0.0,0,15622.057322682505,0.9005642079864629,13,exact,12,15559.34509520718
primary,second,correlated_risk,correlated_risk_n720_m6_g26_s13,4,15559.34509520718,clique,720,0.0,1,15622.057322682505,0.8871668329811655,13,exact,12,15559.34509520718
primary,first,correlated_risk,correlated_risk_n720_m6_g26_s13,4,15559.34509520718,clique,720,0.0,2,15622.057322682505,0.890695959009463,13,exact,12,15559.34509520718
primary,second,correlated_risk,correlated_risk_n720_m6_g26_s13,4,15559.34509520718,clique,720,0.0,3,15622.057322682505,0.8923448749992531,13,exact,12,15559.34509520718
primary,first,correlated_risk,correlated_risk_n720_m6_g26_s13,4,15559.34509520718,clique,720,0.0,4,15622.057322682505,0.8959125000110362,13,exact,12,15559.34509520718
primary,first,correlated_risk,correlated_risk_n720_m6_g26_s14,3,15549.738769360129,compressed,720,3.2084498580708056e-07,0,15549.743758415843,0.6855329580139369,14,tolerance,12,15549.743758415843
primary,second,correlated_risk,correlated_risk_n720_m6_g26_s14,3,15549.738769360129,compressed,720,3.2084498580708056e-07,1,15549.743758415843,0.6731933749979362,14,tolerance,12,15549.743758415843
primary,first,correlated_risk,correlated_risk_n720_m6_g26_s14,3,15549.738769360129,compressed,720,3.2084498580708056e-07,2,15549.743758415843,0.6709772500034887,14,tolerance,12,15549.743758415843
primary,second,correlated_risk,correlated_risk_n720_m6_g26_s14,3,15549.738769360129,compressed,720,3.2084498580708056e-07,3,15549.743758415843,0.6706184590002522,14,tolerance,12,15549.743758415843
primary,first,correlated_risk,correlated_risk_n720_m6_g26_s14,3,15549.738769360129,compressed,720,3.2084498580708056e-07,4,15549.743758415843,0.6717242920130957,14,tolerance,12,15549.743758415843
primary,second,correlated_risk,correlated_risk_n720_m6_g26_s14,4,15549.738769360129,clique,720,0.0,0,15612.71362129234,0.8630159159947652,14,exact,12,15549.738769360129
primary,first,correlated_risk,correlated_risk_n720_m6_g26_s14,4,15549.738769360129,clique,720,0.0,1,15612.71362129234,0.8581254580058157,14,exact,12,15549.738769360129
primary,second,correlated_risk,correlated_risk_n720_m6_g26_s14,4,15549.738769360129,clique,720,0.0,2,15612.71362129234,0.8633027499890886,14,exact,12,15549.738769360129
primary,first,correlated_risk,correlated_risk_n720_m6_g26_s14,4,15549.738769360129,clique,720,0.0,3,15612.71362129234,0.8601302499882877,14,exact,12,15549.738769360129
primary,second,correlated_risk,correlated_risk_n720_m6_g26_s14,4,15549.738769360129,clique,720,0.0,4,15612.71362129234,0.8590190419927239,14,exact,12,15549.738769360129
primary,second,correlated_risk,correlated_risk_n720_m6_g26_s15,3,15579.837014117558,compressed,720,5.160473217009496e-14,0,15579.90529914738,0.7022402090078685,15,tolerance,12,15579.837014118362
primary,first,correlated_risk,correlated_risk_n720_m6_g26_s15,3,15579.837014117558,compressed,720,5.160473217009496e-14,1,15579.90529914738,0.6974046250106767,15,tolerance,12,15579.837014118362
primary,second,correlated_risk,correlated_risk_n720_m6_g26_s15,3,15579.837014117558,compressed,720,5.160473217009496e-14,2,15579.90529914738,0.7019807499891613,15,tolerance,12,15579.837014118362
primary,first,correlated_risk,correlated_risk_n720_m6_g26_s15,3,15579.837014117558,compressed,720,5.160473217009496e-14,3,15579.90529914738,0.7031937080028001,15,tolerance,12,15579.837014118362
primary,second,correlated_risk,correlated_risk_n720_m6_g26_s15,3,15579.837014117558,compressed,720,5.160473217009496e-14,4,15579.90529914738,0.6979119580064435,15,tolerance,12,15579.837014118362
primary,first,correlated_risk,correlated_risk_n720_m6_g26_s15,4,15579.837014117558,clique,720,0.0,0,15636.974856228031,0.871845250017941,15,exact,12,15579.837014117558
primary,second,correlated_risk,correlated_risk_n720_m6_g26_s15,4,15579.837014117558,clique,720,0.0,1,15636.974856228031,0.8678933750197757,15,exact,12,15579.837014117558
primary,first,correlated_risk,correlated_risk_n720_m6_g26_s15,4,15579.837014117558,clique,720,0.0,2,15636.974856228031,0.8678432499873452,15,exact,12,15579.837014117558
primary,second,correlated_risk,correlated_risk_n720_m6_g26_s15,4,15579.837014117558,clique,720,0.0,3,15636.974856228031,0.8687512500036974,15,exact,12,15579.837014117558
primary,first,correlated_risk,correlated_risk_n720_m6_g26_s15,4,15579.837014117558,clique,720,0.0,4,15636.974856228031,0.8696276670088992,15,exact,12,15579.837014117558
primary,second,correlated_risk,correlated_risk_n1440_m6_g37_s11,3,31257.490391198444,compressed,1440,3.1424604650645526e-15,0,31257.54193265029,1.387873750005383,11,tolerance,12,31257.490391198542
primary,first,correlated_risk,correlated_risk_n1440_m6_g37_s11,3,31257.490391198444,compressed,1440,3.1424604650645526e-15,1,31257.54193265029,1.4139543749915902,11,tolerance,12,31257.490391198542
primary,second,correlated_risk,correlated_risk_n1440_m6_g37_s11,3,31257.490391198444,compressed,1440,3.1424604650645526e-15,2,31257.54193265029,1.393456541991327,11,tolerance,12,31257.490391198542
primary,first,correlated_risk,correlated_risk_n1440_m6_g37_s11,3,31257.490391198444,compressed,1440,3.1424604650645526e-15,3,31257.54193265029,1.3933967089978978,11,tolerance,12,31257.490391198542
primary,second,correlated_risk,correlated_risk_n1440_m6_g37_s11,3,31257.490391198444,compressed,1440,3.1424604650645526e-15,4,31257.54193265029,1.3993245830060914,11,tolerance,12,31257.490391198542
primary,first,correlated_risk,correlated_risk_n1440_m6_g37_s11,4,31257.490391198444,clique,1440,0.0,0,31341.049299595597,1.9705717910255771,11,exact,12,31257.490391198444
primary,second,correlated_risk,correlated_risk_n1440_m6_g37_s11,4,31257.490391198444,clique,1440,0.0,1,31341.049299595597,1.9635672910080757,11,exact,12,31257.490391198444
primary,first,correlated_risk,correlated_risk_n1440_m6_g37_s11,4,31257.490391198444,clique,1440,0.0,2,31341.049299595597,1.9691064170037862,11,exact,12,31257.490391198444
primary,second,correlated_risk,correlated_risk_n1440_m6_g37_s11,4,31257.490391198444,clique,1440,0.0,3,31341.049299595597,1.9774263330036774,11,exact,12,31257.490391198444
primary,first,correlated_risk,correlated_risk_n1440_m6_g37_s11,4,31257.490391198444,clique,1440,0.0,4,31341.049299595597,1.9627606669964734,11,exact,12,31257.490391198444
primary,first,correlated_risk,correlated_risk_n1440_m6_g37_s12,1,31224.802657623397,compressed,1440,4.45065392261092e-14,0,31224.802657624787,0.7471337919996586,12,tolerance,6,31224.802657624787
primary,second,correlated_risk,correlated_risk_n1440_m6_g37_s12,1,31224.802657623397,compressed,1440,4.45065392261092e-14,1,31224.802657624787,0.7379866249975748,12,tolerance,6,31224.802657624787
primary,first,correlated_risk,correlated_risk_n1440_m6_g37_s12,1,31224.802657623397,compressed,1440,4.45065392261092e-14,2,31224.802657624787,0.7411293339973781,12,tolerance,6,31224.802657624787
primary,second,correlated_risk,correlated_risk_n1440_m6_g37_s12,1,31224.802657623397,compressed,1440,4.45065392261092e-14,3,31224.802657624787,0.7361412500031292,12,tolerance,6,31224.802657624787
primary,first,correlated_risk,correlated_risk_n1440_m6_g37_s12,1,31224.802657623397,compressed,1440,4.45065392261092e-14,4,31224.802657624787,0.7409147910075262,12,tolerance,6,31224.802657624787
primary,second,correlated_risk,correlated_risk_n1440_m6_g37_s12,4,31224.802657623397,clique,1440,0.0,0,31308.53185491738,1.9945444999902975,12,exact,12,31224.802657623397
primary,first,correlated_risk,correlated_risk_n1440_m6_g37_s12,4,31224.802657623397,clique,1440,0.0,1,31308.53185491738,2.0527254170156084,12,exact,12,31224.802657623397
primary,second,correlated_risk,correlated_risk_n1440_m6_g37_s12,4,31224.802657623397,clique,1440,0.0,2,31308.53185491738,2.003362207993632,12,exact,12,31224.802657623397
primary,first,correlated_risk,correlated_risk_n1440_m6_g37_s12,4,31224.802657623397,clique,1440,0.0,3,31308.53185491738,1.9952305000042543,12,exact,12,31224.802657623397
primary,second,correlated_risk,correlated_risk_n1440_m6_g37_s12,4,31224.802657623397,clique,1440,0.0,4,31308.53185491738,2.00237712499802,12,exact,12,31224.802657623397
primary,second,correlated_risk,correlated_risk_n1440_m6_g37_s13,3,31256.312977490325,compressed,1440,4.9466518783819874e-14,0,31256.31297749187,1.3647244580206461,13,tolerance,12,31256.31297749187
primary,first,correlated_risk,correlated_risk_n1440_m6_g37_s13,3,31256.312977490325,compressed,1440,4.9466518783819874e-14,1,31256.31297749187,1.3621977920120116,13,tolerance,12,31256.31297749187
primary,second,correlated_risk,correlated_risk_n1440_m6_g37_s13,3,31256.312977490325,compressed,1440,4.9466518783819874e-14,2,31256.31297749187,1.3706752079888247,13,tolerance,12,31256.31297749187
primary,first,correlated_risk,correlated_risk_n1440_m6_g37_s13,3,31256.312977490325,compressed,1440,4.9466518783819874e-14,3,31256.31297749187,1.377237500011688,13,tolerance,12,31256.31297749187
primary,second,correlated_risk,correlated_risk_n1440_m6_g37_s13,3,31256.312977490325,compressed,1440,4.9466518783819874e-14,4,31256.31297749187,1.3625730420171749,13,tolerance,12,31256.31297749187
primary,first,correlated_risk,correlated_risk_n1440_m6_g37_s13,4,31256.312977490325,clique,1440,0.0,0,31341.536869385956,1.938941500004148,13,exact,12,31256.312977490325
primary,second,correlated_risk,correlated_risk_n1440_m6_g37_s13,4,31256.312977490325,clique,1440,0.0,1,31341.536869385956,1.9495402090251446,13,exact,12,31256.312977490325
primary,first,correlated_risk,correlated_risk_n1440_m6_g37_s13,4,31256.312977490325,clique,1440,0.0,2,31341.536869385956,1.9311667919973843,13,exact,12,31256.312977490325
primary,second,correlated_risk,correlated_risk_n1440_m6_g37_s13,4,31256.312977490325,clique,1440,0.0,3,31341.536869385956,1.9536935829964932,13,exact,12,31256.312977490325
primary,first,correlated_risk,correlated_risk_n1440_m6_g37_s13,4,31256.312977490325,clique,1440,0.0,4,31341.536869385956,2.0067528749932535,13,exact,12,31256.312977490325
primary,first,correlated_risk,correlated_risk_n1440_m6_g37_s14,1,31238.389490863778,compressed,1440,4.064404805652164e-14,0,31238.389490865047,0.7375771660008468,14,tolerance,6,31238.389490865047
primary,second,correlated_risk,correlated_risk_n1440_m6_g37_s14,1,31238.389490863778,compressed,1440,4.064404805652164e-14,1,31238.389490865047,0.7434297080035321,14,tolerance,6,31238.389490865047
primary,first,correlated_risk,correlated_risk_n1440_m6_g37_s14,1,31238.389490863778,compressed,1440,4.064404805652164e-14,2,31238.389490865047,0.7384160000074189,14,tolerance,6,31238.389490865047
primary,second,correlated_risk,correlated_risk_n1440_m6_g37_s14,1,31238.389490863778,compressed,1440,4.064404805652164e-14,3,31238.389490865047,0.7373446249985136,14,tolerance,6,31238.389490865047
primary,first,correlated_risk,correlated_risk_n1440_m6_g37_s14,1,31238.389490863778,compressed,1440,4.064404805652164e-14,4,31238.389490865047,0.7371155830041971,14,tolerance,6,31238.389490865047
primary,second,correlated_risk,correlated_risk_n1440_m6_g37_s14,4,31238.389490863778,clique,1440,0.0,0,31319.01890205809,2.0767020829953253,14,exact,12,31238.389490863778
primary,first,correlated_risk,correlated_risk_n1440_m6_g37_s14,4,31238.389490863778,clique,1440,0.0,1,31319.01890205809,2.0820451249892358,14,exact,12,31238.389490863778
primary,second,correlated_risk,correlated_risk_n1440_m6_g37_s14,4,31238.389490863778,clique,1440,0.0,2,31319.01890205809,2.067713124997681,14,exact,12,31238.389490863778
primary,first,correlated_risk,correlated_risk_n1440_m6_g37_s14,4,31238.389490863778,clique,1440,0.0,3,31319.01890205809,2.1518358750035986,14,exact,12,31238.389490863778
primary,second,correlated_risk,correlated_risk_n1440_m6_g37_s14,4,31238.389490863778,clique,1440,0.0,4,31319.01890205809,2.0862481250078417,14,exact,12,31238.389490863778
primary,second,correlated_risk,correlated_risk_n1440_m6_g37_s15,4,31246.159998002953,compressed,1440,4.8784014428296205e-14,0,31246.196490212988,1.4284597920195665,15,tolerance,12,31246.159998004478
primary,first,correlated_risk,correlated_risk_n1440_m6_g37_s15,4,31246.159998002953,compressed,1440,4.8784014428296205e-14,1,31246.196490212988,1.4273057079990394,15,tolerance,12,31246.159998004478
primary,second,correlated_risk,correlated_risk_n1440_m6_g37_s15,4,31246.159998002953,compressed,1440,4.8784014428296205e-14,2,31246.196490212988,1.4225644170073792,15,tolerance,12,31246.159998004478
primary,first,correlated_risk,correlated_risk_n1440_m6_g37_s15,4,31246.159998002953,compressed,1440,4.8784014428296205e-14,3,31246.196490212988,1.4360085829976015,15,tolerance,12,31246.159998004478
primary,second,correlated_risk,correlated_risk_n1440_m6_g37_s15,4,31246.159998002953,compressed,1440,4.8784014428296205e-14,4,31246.196490212988,1.4260340000037104,15,tolerance,12,31246.159998004478
primary,first,correlated_risk,correlated_risk_n1440_m6_g37_s15,4,31246.159998002953,clique,1440,0.0,0,31325.31206242214,1.9239328750118148,15,exact,12,31246.159998002953
primary,second,correlated_risk,correlated_risk_n1440_m6_g37_s15,4,31246.159998002953,clique,1440,0.0,1,31325.31206242214,1.949773375003133,15,exact,12,31246.159998002953
primary,first,correlated_risk,correlated_risk_n1440_m6_g37_s15,4,31246.159998002953,clique,1440,0.0,2,31325.31206242214,1.9374055409862194,15,exact,12,31246.159998002953
primary,second,correlated_risk,correlated_risk_n1440_m6_g37_s15,4,31246.159998002953,clique,1440,0.0,3,31325.31206242214,1.935551958013093,15,exact,12,31246.159998002953
primary,first,correlated_risk,correlated_risk_n1440_m6_g37_s15,4,31246.159998002953,clique,1440,0.0,4,31325.31206242214,1.9297811249853112,15,exact,12,31246.159998002953
primary,second,near_tie,near_tie_n360_m6_g18_s11,3,6590.053454982522,compressed,360,2.354454287546793e-12,0,6590.053454998038,0.32191554200835526,11,tolerance,12,6590.053454998038
primary,first,near_tie,near_tie_n360_m6_g18_s11,3,6590.053454982522,compressed,360,2.354454287546793e-12,1,6590.053454998038,0.3215462079970166,11,tolerance,12,6590.053454998038
primary,second,near_tie,near_tie_n360_m6_g18_s11,3,6590.053454982522,compressed,360,2.354454287546793e-12,2,6590.053454998038,0.32470175001071766,11,tolerance,12,6590.053454998038
primary,first,near_tie,near_tie_n360_m6_g18_s11,3,6590.053454982522,compressed,360,2.354454287546793e-12,3,6590.053454998038,0.3241719159996137,11,tolerance,12,6590.053454998038
primary,second,near_tie,near_tie_n360_m6_g18_s11,3,6590.053454982522,compressed,360,2.354454287546793e-12,4,6590.053454998038,0.32336525002028793,11,tolerance,12,6590.053454998038
primary,first,near_tie,near_tie_n360_m6_g18_s11,4,6590.053454982522,clique,360,0.0,0,6609.79549693779,0.36104745900956914,11,exact,12,6590.053454982522
primary,second,near_tie,near_tie_n360_m6_g18_s11,4,6590.053454982522,clique,360,0.0,1,6609.79549693779,0.3560172920115292,11,exact,12,6590.053454982522
primary,first,near_tie,near_tie_n360_m6_g18_s11,4,6590.053454982522,clique,360,0.0,2,6609.79549693779,0.3568520830012858,11,exact,12,6590.053454982522
primary,second,near_tie,near_tie_n360_m6_g18_s11,4,6590.053454982522,clique,360,0.0,3,6609.79549693779,0.3612064160115551,11,exact,12,6590.053454982522
primary,first,near_tie,near_tie_n360_m6_g18_s11,4,6590.053454982522,clique,360,0.0,4,6609.79549693779,0.3568819589854684,11,exact,12,6590.053454982522
primary,first,near_tie,near_tie_n360_m6_g18_s12,3,6601.833560947779,compressed,360,6.640222632204874e-14,0,6601.833560948217,0.3239757910196204,12,tolerance,12,6601.833560948217
primary,second,near_tie,near_tie_n360_m6_g18_s12,3,6601.833560947779,compressed,360,6.640222632204874e-14,1,6601.833560948217,0.3256552919920068,12,tolerance,12,6601.833560948217
primary,first,near_tie,near_tie_n360_m6_g18_s12,3,6601.833560947779,compressed,360,6.640222632204874e-14,2,6601.833560948217,0.32492629101034254,12,tolerance,12,6601.833560948217
primary,second,near_tie,near_tie_n360_m6_g18_s12,3,6601.833560947779,compressed,360,6.640222632204874e-14,3,6601.833560948217,0.3301956249924842,12,tolerance,12,6601.833560948217
primary,first,near_tie,near_tie_n360_m6_g18_s12,3,6601.833560947779,compressed,360,6.640222632204874e-14,4,6601.833560948217,0.32933962502283975,12,tolerance,12,6601.833560948217
primary,second,near_tie,near_tie_n360_m6_g18_s12,4,6601.833560947779,clique,360,0.0,0,6615.620376196059,0.35352216599858366,12,exact,12,6601.833560947779
primary,first,near_tie,near_tie_n360_m6_g18_s12,4,6601.833560947779,clique,360,0.0,1,6615.620376196059,0.35449716699076816,12,exact,12,6601.833560947779
primary,second,near_tie,near_tie_n360_m6_g18_s12,4,6601.833560947779,clique,360,0.0,2,6615.620376196059,0.3536317499820143,12,exact,12,6601.833560947779
primary,first,near_tie,near_tie_n360_m6_g18_s12,4,6601.833560947779,clique,360,0.0,3,6615.620376196059,0.35369208300835453,12,exact,12,6601.833560947779
primary,second,near_tie,near_tie_n360_m6_g18_s12,4,6601.833560947779,clique,360,0.0,4,6615.620376196059,0.3576342079904862,12,exact,12,6601.833560947779
primary,second,near_tie,near_tie_n360_m6_g18_s13,0,6607.365378081082,compressed,360,6.876924871040165e-13,0,6607.365378085626,0.1006096670171246,13,tolerance,3,6607.365378085626
primary,first,near_tie,near_tie_n360_m6_g18_s13,0,6607.365378081082,compressed,360,6.876924871040165e-13,1,6607.365378085626,0.10132591702858917,13,tolerance,3,6607.365378085626
primary,second,near_tie,near_tie_n360_m6_g18_s13,0,6607.365378081082,compressed,360,6.876924871040165e-13,2,6607.365378085626,0.1011614169983659,13,tolerance,3,6607.365378085626
primary,first,near_tie,near_tie_n360_m6_g18_s13,0,6607.365378081082,compressed,360,6.876924871040165e-13,3,6607.365378085626,0.10108445800142363,13,tolerance,3,6607.365378085626
primary,second,near_tie,near_tie_n360_m6_g18_s13,0,6607.365378081082,compressed,360,6.876924871040165e-13,4,6607.365378085626,0.10098862502491102,13,tolerance,3,6607.365378085626
primary,first,near_tie,near_tie_n360_m6_g18_s13,3,6607.365378081082,clique,360,8.258916978831263e-16,0,6623.903280786733,0.3426520829962101,13,tolerance,12,6607.365378081087
primary,second,near_tie,near_tie_n360_m6_g18_s13,3,6607.365378081082,clique,360,8.258916978831263e-16,1,6623.903280786733,0.3430710830143653,13,tolerance,12,6607.365378081087
primary,first,near_tie,near_tie_n360_m6_g18_s13,3,6607.365378081082,clique,360,8.258916978831263e-16,2,6623.903280786733,0.343092416995205,13,tolerance,12,6607.365378081087
primary,second,near_tie,near_tie_n360_m6_g18_s13,3,6607.365378081082,clique,360,8.258916978831263e-16,3,6623.903280786733,0.3434739579970483,13,tolerance,12,6607.365378081087
primary,first,near_tie,near_tie_n360_m6_g18_s13,3,6607.365378081082,clique,360,8.258916978831263e-16,4,6623.903280786733,0.34279974998207763,13,tolerance,12,6607.365378081087
primary,first,near_tie,near_tie_n360_m6_g18_s14,2,6612.970833961938,compressed,360,1.3533142803964049e-13,0,6612.970833962833,0.2515751249738969,14,tolerance,9,6612.970833962833
primary,second,near_tie,near_tie_n360_m6_g18_s14,2,6612.970833961938,compressed,360,1.3533142803964049e-13,1,6612.970833962833,0.25314495799830183,14,tolerance,9,6612.970833962833
primary,first,near_tie,near_tie_n360_m6_g18_s14,2,6612.970833961938,compressed,360,1.3533142803964049e-13,2,6612.970833962833,0.2531595839827787,14,tolerance,9,6612.970833962833
primary,second,near_tie,near_tie_n360_m6_g18_s14,2,6612.970833961938,compressed,360,1.3533142803964049e-13,3,6612.970833962833,0.2520633330277633,14,tolerance,9,6612.970833962833
primary,first,near_tie,near_tie_n360_m6_g18_s14,2,6612.970833961938,compressed,360,1.3533142803964049e-13,4,6612.970833962833,0.2497811249922961,14,tolerance,9,6612.970833962833
primary,second,near_tie,near_tie_n360_m6_g18_s14,3,6612.970833961938,clique,360,4.1259581719402585e-16,0,6628.419165457845,0.34221020797849633,14,tolerance,12,6612.970833961941
primary,first,near_tie,near_tie_n360_m6_g18_s14,3,6612.970833961938,clique,360,4.1259581719402585e-16,1,6628.419165457845,0.36295441701076925,14,tolerance,12,6612.970833961941
primary,second,near_tie,near_tie_n360_m6_g18_s14,3,6612.970833961938,clique,360,4.1259581719402585e-16,2,6628.419165457845,0.34428124999976717,14,tolerance,12,6612.970833961941
primary,first,near_tie,near_tie_n360_m6_g18_s14,3,6612.970833961938,clique,360,4.1259581719402585e-16,3,6628.419165457845,0.3424626670021098,14,tolerance,12,6612.970833961941
primary,second,near_tie,near_tie_n360_m6_g18_s14,3,6612.970833961938,clique,360,4.1259581719402585e-16,4,6628.419165457845,0.34318291599629447,14,tolerance,12,6612.970833961941
primary,second,near_tie,near_tie_n360_m6_g18_s15,3,6579.554450019629,compressed,360,1.9129710489435957e-12,0,6579.554450032216,0.32593966598506086,15,tolerance,12,6579.554450032216
primary,first,near_tie,near_tie_n360_m6_g18_s15,3,6579.554450019629,compressed,360,1.9129710489435957e-12,1,6579.554450032216,0.3266972500132397,15,tolerance,12,6579.554450032216
primary,second,near_tie,near_tie_n360_m6_g18_s15,3,6579.554450019629,compressed,360,1.9129710489435957e-12,2,6579.554450032216,0.32742650000727735,15,tolerance,12,6579.554450032216
primary,first,near_tie,near_tie_n360_m6_g18_s15,3,6579.554450019629,compressed,360,1.9129710489435957e-12,3,6579.554450032216,0.3333803749992512,15,tolerance,12,6579.554450032216
primary,second,near_tie,near_tie_n360_m6_g18_s15,3,6579.554450019629,compressed,360,1.9129710489435957e-12,4,6579.554450032216,0.32630120901740156,15,tolerance,12,6579.554450032216
primary,first,near_tie,near_tie_n360_m6_g18_s15,3,6579.554450019629,clique,360,0.0,0,6592.840870404399,0.3453668750007637,15,exact,12,6579.554450019629
primary,second,near_tie,near_tie_n360_m6_g18_s15,3,6579.554450019629,clique,360,0.0,1,6592.840870404399,0.34466854098718613,15,exact,12,6579.554450019629
primary,first,near_tie,near_tie_n360_m6_g18_s15,3,6579.554450019629,clique,360,0.0,2,6592.840870404399,0.34543858299730346,15,exact,12,6579.554450019629
primary,second,near_tie,near_tie_n360_m6_g18_s15,3,6579.554450019629,clique,360,0.0,3,6592.840870404399,0.346530790993711,15,exact,12,6579.554450019629
primary,first,near_tie,near_tie_n360_m6_g18_s15,3,6579.554450019629,clique,360,0.0,4,6592.840870404399,0.344525499996962,15,exact,12,6579.554450019629
primary,second,near_tie,near_tie_n720_m6_g26_s11,3,13219.609608102983,compressed,720,9.203917877317886e-13,0,13219.60960811515,0.6483121250057593,11,tolerance,12,13219.60960811515
primary,first,near_tie,near_tie_n720_m6_g26_s11,3,13219.609608102983,compressed,720,9.203917877317886e-13,1,13219.60960811515,0.6490437500178814,11,tolerance,12,13219.60960811515
primary,second,near_tie,near_tie_n720_m6_g26_s11,3,13219.609608102983,compressed,720,9.203917877317886e-13,2,13219.60960811515,0.6476983339816798,11,tolerance,12,13219.60960811515
primary,first,near_tie,near_tie_n720_m6_g26_s11,3,13219.609608102983,compressed,720,9.203917877317886e-13,3,13219.60960811515,0.6512090410105884,11,tolerance,12,13219.60960811515
primary,second,near_tie,near_tie_n720_m6_g26_s11,3,13219.609608102983,compressed,720,9.203917877317886e-13,4,13219.60960811515,0.6528813750192057,11,tolerance,12,13219.60960811515
primary,first,near_tie,near_tie_n720_m6_g26_s11,4,13219.609608102983,clique,720,4.127934464337518e-16,0,13236.721199910975,0.7447504580195528,11,tolerance,12,13219.609608102988
primary,second,near_tie,near_tie_n720_m6_g26_s11,4,13219.609608102983,clique,720,4.127934464337518e-16,1,13236.721199910975,0.7557058329985011,11,tolerance,12,13219.609608102988
primary,first,near_tie,near_tie_n720_m6_g26_s11,4,13219.609608102983,clique,720,4.127934464337518e-16,2,13236.721199910975,0.7443889999995008,11,tolerance,12,13219.609608102988
primary,second,near_tie,near_tie_n720_m6_g26_s11,4,13219.609608102983,clique,720,4.127934464337518e-16,3,13236.721199910975,0.7406196660012938,11,tolerance,12,13219.609608102988
primary,first,near_tie,near_tie_n720_m6_g26_s11,4,13219.609608102983,clique,720,4.127934464337518e-16,4,13236.721199910975,0.7964592079806607,11,tolerance,12,13219.609608102988
primary,first,near_tie,near_tie_n720_m6_g26_s12,3,13249.28694098057,compressed,720,2.928387327594675e-13,0,13249.28694098445,0.649642042000778,12,tolerance,12,13249.28694098445
primary,second,near_tie,near_tie_n720_m6_g26_s12,3,13249.28694098057,compressed,720,2.928387327594675e-13,1,13249.28694098445,0.6508270830090623,12,tolerance,12,13249.28694098445
primary,first,near_tie,near_tie_n720_m6_g26_s12,3,13249.28694098057,compressed,720,2.928387327594675e-13,2,13249.28694098445,0.6557106669934001,12,tolerance,12,13249.28694098445
primary,second,near_tie,near_tie_n720_m6_g26_s12,3,13249.28694098057,compressed,720,2.928387327594675e-13,3,13249.28694098445,0.6477637919888366,12,tolerance,12,13249.28694098445
primary,first,near_tie,near_tie_n720_m6_g26_s12,3,13249.28694098057,compressed,720,2.928387327594675e-13,4,13249.28694098445,0.6492678749782499,12,tolerance,12,13249.28694098445
primary,second,near_tie,near_tie_n720_m6_g26_s12,4,13249.28694098057,clique,720,1.3728960748216948e-15,0,13268.53877499107,0.7401805410045199,12,tolerance,12,13249.286940980588
primary,first,near_tie,near_tie_n720_m6_g26_s12,4,13249.28694098057,clique,720,1.3728960748216948e-15,1,13268.53877499107,0.7456686249934137,12,tolerance,12,13249.286940980588
primary,second,near_tie,near_tie_n720_m6_g26_s12,4,13249.28694098057,clique,720,1.3728960748216948e-15,2,13268.53877499107,0.7458262090221979,12,tolerance,12,13249.286940980588
primary,first,near_tie,near_tie_n720_m6_g26_s12,4,13249.28694098057,clique,720,1.3728960748216948e-15,3,13268.53877499107,0.7417611249838956,12,tolerance,12,13249.286940980588
primary,second,near_tie,near_tie_n720_m6_g26_s12,4,13249.28694098057,clique,720,1.3728960748216948e-15,4,13268.53877499107,0.7394158339884598,12,tolerance,12,13249.286940980588
primary,second,near_tie,near_tie_n720_m6_g26_s13,0,13291.032276390644,compressed,720,1.55197424904694e-13,0,13291.032276392707,0.20279770798515528,13,tolerance,3,13291.032276392707
primary,first,near_tie,near_tie_n720_m6_g26_s13,0,13291.032276390644,compressed,720,1.55197424904694e-13,1,13291.032276392707,0.20285220898222178,13,tolerance,3,13291.032276392707
primary,second,near_tie,near_tie_n720_m6_g26_s13,0,13291.032276390644,compressed,720,1.55197424904694e-13,2,13291.032276392707,0.20107204199302942,13,tolerance,3,13291.032276392707
primary,first,near_tie,near_tie_n720_m6_g26_s13,0,13291.032276390644,compressed,720,1.55197424904694e-13,3,13291.032276392707,0.20034620800288394,13,tolerance,3,13291.032276392707
primary,second,near_tie,near_tie_n720_m6_g26_s13,0,13291.032276390644,compressed,720,1.55197424904694e-13,4,13291.032276392707,0.20633174999966286,13,tolerance,3,13291.032276392707
primary,first,near_tie,near_tie_n720_m6_g26_s13,2,13291.032276390644,clique,720,0.0,0,13311.611564393093,0.5333600839949213,13,exact,9,13291.032276390644
primary,second,near_tie,near_tie_n720_m6_g26_s13,2,13291.032276390644,clique,720,0.0,1,13311.611564393093,0.5487841249851044,13,exact,9,13291.032276390644
primary,first,near_tie,near_tie_n720_m6_g26_s13,2,13291.032276390644,clique,720,0.0,2,13311.611564393093,0.5305888750008307,13,exact,9,13291.032276390644
primary,second,near_tie,near_tie_n720_m6_g26_s13,2,13291.032276390644,clique,720,0.0,3,13311.611564393093,0.5309724170074333,13,exact,9,13291.032276390644
primary,first,near_tie,near_tie_n720_m6_g26_s13,2,13291.032276390644,clique,720,0.0,4,13311.611564393093,0.5292077499907464,13,exact,9,13291.032276390644
primary,first,near_tie,near_tie_n720_m6_g26_s14,3,13294.49548610113,compressed,720,1.7390171250378179e-13,0,13294.495486103442,0.6614108750072774,14,tolerance,12,13294.495486103442
primary,second,near_tie,near_tie_n720_m6_g26_s14,3,13294.49548610113,compressed,720,1.7390171250378179e-13,1,13294.495486103442,0.6563091249845456,14,tolerance,12,13294.495486103442
primary,first,near_tie,near_tie_n720_m6_g26_s14,3,13294.49548610113,compressed,720,1.7390171250378179e-13,2,13294.495486103442,0.6586637079890352,14,tolerance,12,13294.495486103442
primary,second,near_tie,near_tie_n720_m6_g26_s14,3,13294.49548610113,compressed,720,1.7390171250378179e-13,3,13294.495486103442,0.6613991670019459,14,tolerance,12,13294.495486103442
primary,first,near_tie,near_tie_n720_m6_g26_s14,3,13294.49548610113,compressed,720,1.7390171250378179e-13,4,13294.495486103442,0.6678060000122059,14,tolerance,12,13294.495486103442
primary,second,near_tie,near_tie_n720_m6_g26_s14,3,13294.49548610113,clique,720,0.0,0,13310.624762439726,0.7263726659875829,14,exact,12,13294.49548610113
primary,first,near_tie,near_tie_n720_m6_g26_s14,3,13294.49548610113,clique,720,0.0,1,13310.624762439726,0.7230635420128237,14,exact,12,13294.49548610113
primary,second,near_tie,near_tie_n720_m6_g26_s14,3,13294.49548610113,clique,720,0.0,2,13310.624762439726,0.7361210839881096,14,exact,12,13294.49548610113
primary,first,near_tie,near_tie_n720_m6_g26_s14,3,13294.49548610113,clique,720,0.0,3,13310.624762439726,0.727611916983733,14,exact,12,13294.49548610113
primary,second,near_tie,near_tie_n720_m6_g26_s14,3,13294.49548610113,clique,720,0.0,4,13310.624762439726,0.738593416986987,14,exact,12,13294.49548610113
primary,second,near_tie,near_tie_n720_m6_g26_s15,3,13209.565394381363,compressed,720,7.347802268687169e-13,0,13209.56539439107,0.6498958750162274,15,tolerance,12,13209.56539439107
primary,first,near_tie,near_tie_n720_m6_g26_s15,3,13209.565394381363,compressed,720,7.347802268687169e-13,1,13209.56539439107,0.6498462080198806,15,tolerance,12,13209.56539439107
primary,second,near_tie,near_tie_n720_m6_g26_s15,3,13209.565394381363,compressed,720,7.347802268687169e-13,2,13209.56539439107,0.6551049590052571,15,tolerance,12,13209.56539439107
primary,first,near_tie,near_tie_n720_m6_g26_s15,3,13209.565394381363,compressed,720,7.347802268687169e-13,3,13209.56539439107,0.654595458006952,15,tolerance,12,13209.56539439107
primary,second,near_tie,near_tie_n720_m6_g26_s15,3,13209.565394381363,compressed,720,7.347802268687169e-13,4,13209.56539439107,0.6495352920028381,15,tolerance,12,13209.56539439107
primary,first,near_tie,near_tie_n720_m6_g26_s15,4,13209.565394381363,clique,720,8.262146479033549e-16,0,13229.669884381849,0.797635208000429,15,tolerance,12,13209.565394381374
primary,second,near_tie,near_tie_n720_m6_g26_s15,4,13209.565394381363,clique,720,8.262146479033549e-16,1,13229.669884381849,0.741324333997909,15,tolerance,12,13209.565394381374
primary,first,near_tie,near_tie_n720_m6_g26_s15,4,13209.565394381363,clique,720,8.262146479033549e-16,2,13229.669884381849,0.7421531250001863,15,tolerance,12,13209.565394381374
primary,second,near_tie,near_tie_n720_m6_g26_s15,4,13209.565394381363,clique,720,8.262146479033549e-16,3,13229.669884381849,0.7417152079869993,15,tolerance,12,13209.565394381374
primary,first,near_tie,near_tie_n720_m6_g26_s15,4,13209.565394381363,clique,720,8.262146479033549e-16,4,13229.669884381849,0.7400932089949492,15,tolerance,12,13209.565394381374
primary,second,near_tie,near_tie_n1440_m6_g37_s11,3,26653.5539046679,compressed,1440,3.178882888196282e-13,0,26653.553904676373,1.3093645830231253,11,tolerance,12,26653.553904676373
primary,first,near_tie,near_tie_n1440_m6_g37_s11,3,26653.5539046679,compressed,1440,3.178882888196282e-13,1,26653.553904676373,1.321536167000886,11,tolerance,12,26653.553904676373
primary,second,near_tie,near_tie_n1440_m6_g37_s11,3,26653.5539046679,compressed,1440,3.178882888196282e-13,2,26653.553904676373,1.3091967910004314,11,tolerance,12,26653.553904676373
primary,first,near_tie,near_tie_n1440_m6_g37_s11,3,26653.5539046679,compressed,1440,3.178882888196282e-13,3,26653.553904676373,1.31558424999821,11,tolerance,12,26653.553904676373
primary,second,near_tie,near_tie_n1440_m6_g37_s11,3,26653.5539046679,compressed,1440,3.178882888196282e-13,4,26653.553904676373,1.3096347079845145,11,tolerance,12,26653.553904676373
primary,first,near_tie,near_tie_n1440_m6_g37_s11,4,26653.5539046679,clique,1440,0.0,0,26666.339040165924,1.5757425000192598,11,exact,12,26653.5539046679
primary,second,near_tie,near_tie_n1440_m6_g37_s11,4,26653.5539046679,clique,1440,0.0,1,26666.339040165924,1.573586541984696,11,exact,12,26653.5539046679
primary,first,near_tie,near_tie_n1440_m6_g37_s11,4,26653.5539046679,clique,1440,0.0,2,26666.339040165924,1.573282334022224,11,exact,12,26653.5539046679
primary,second,near_tie,near_tie_n1440_m6_g37_s11,4,26653.5539046679,clique,1440,0.0,3,26666.339040165924,1.565723874984542,11,exact,12,26653.5539046679
primary,first,near_tie,near_tie_n1440_m6_g37_s11,4,26653.5539046679,clique,1440,0.0,4,26666.339040165924,1.5702258330129553,11,exact,12,26653.5539046679
primary,first,near_tie,near_tie_n1440_m6_g37_s12,0,26660.85904868999,compressed,1440,9.360739116122149e-14,0,26660.859048692484,0.3960619580175262,12,tolerance,3,26660.859048692484
primary,second,near_tie,near_tie_n1440_m6_g37_s12,0,26660.85904868999,compressed,1440,9.360739116122149e-14,1,26660.859048692484,0.40019916600431316,12,tolerance,3,26660.859048692484
primary,first,near_tie,near_tie_n1440_m6_g37_s12,0,26660.85904868999,compressed,1440,9.360739116122149e-14,2,26660.859048692484,0.3982651669939514,12,tolerance,3,26660.859048692484
primary,second,near_tie,near_tie_n1440_m6_g37_s12,0,26660.85904868999,compressed,1440,9.360739116122149e-14,3,26660.859048692484,0.39843550001387484,12,tolerance,3,26660.859048692484
primary,first,near_tie,near_tie_n1440_m6_g37_s12,0,26660.85904868999,compressed,1440,9.360739116122149e-14,4,26660.859048692484,0.39988245800486766,12,tolerance,3,26660.859048692484
primary,second,near_tie,near_tie_n1440_m6_g37_s12,2,26660.85904868999,clique,1440,0.0,0,26676.41211495547,1.132120374997612,12,exact,9,26660.85904868999
primary,first,near_tie,near_tie_n1440_m6_g37_s12,2,26660.85904868999,clique,1440,0.0,1,26676.41211495547,1.136149708996527,12,exact,9,26660.85904868999
primary,second,near_tie,near_tie_n1440_m6_g37_s12,2,26660.85904868999,clique,1440,0.0,2,26676.41211495547,1.1343594159989152,12,exact,9,26660.85904868999
primary,first,near_tie,near_tie_n1440_m6_g37_s12,2,26660.85904868999,clique,1440,0.0,3,26676.41211495547,1.1318464590003714,12,exact,9,26660.85904868999
primary,second,near_tie,near_tie_n1440_m6_g37_s12,2,26660.85904868999,clique,1440,0.0,4,26676.41211495547,1.137111707997974,12,exact,9,26660.85904868999
primary,second,near_tie,near_tie_n1440_m6_g37_s13,0,26572.18237874562,compressed,1440,1.4101657582712078e-14,0,26572.182378745994,0.4050282920070458,13,tolerance,3,26572.182378745994
primary,first,near_tie,near_tie_n1440_m6_g37_s13,0,26572.18237874562,compressed,1440,1.4101657582712078e-14,1,26572.182378745994,0.4061711250105873,13,tolerance,3,26572.182378745994
primary,second,near_tie,near_tie_n1440_m6_g37_s13,0,26572.18237874562,compressed,1440,1.4101657582712078e-14,2,26572.182378745994,0.40529975001118146,13,tolerance,3,26572.182378745994
primary,first,near_tie,near_tie_n1440_m6_g37_s13,0,26572.18237874562,compressed,1440,1.4101657582712078e-14,3,26572.182378745994,0.4045509159914218,13,tolerance,3,26572.182378745994
primary,second,near_tie,near_tie_n1440_m6_g37_s13,0,26572.18237874562,compressed,1440,1.4101657582712078e-14,4,26572.182378745994,0.40574054198805243,13,tolerance,3,26572.182378745994
primary,first,near_tie,near_tie_n1440_m6_g37_s13,2,26572.18237874562,clique,1440,1.3690929691953474e-16,0,26591.148117025194,1.1288777499867138,13,tolerance,9,26572.182378745623
primary,second,near_tie,near_tie_n1440_m6_g37_s13,2,26572.18237874562,clique,1440,1.3690929691953474e-16,1,26591.148117025194,1.1534895410004538,13,tolerance,9,26572.182378745623
primary,first,near_tie,near_tie_n1440_m6_g37_s13,2,26572.18237874562,clique,1440,1.3690929691953474e-16,2,26591.148117025194,1.1299706670106389,13,tolerance,9,26572.182378745623
primary,second,near_tie,near_tie_n1440_m6_g37_s13,2,26572.18237874562,clique,1440,1.3690929691953474e-16,3,26591.148117025194,1.1304790000140201,13,tolerance,9,26572.182378745623
primary,first,near_tie,near_tie_n1440_m6_g37_s13,2,26572.18237874562,clique,1440,1.3690929691953474e-16,4,26591.148117025194,1.1363027499755844,13,tolerance,9,26572.182378745623
primary,first,near_tie,near_tie_n1440_m6_g37_s14,3,26619.746355030304,compressed,1440,8.07688189930822e-14,0,26619.746355032454,1.3185345829988364,14,tolerance,12,26619.746355032454
primary,second,near_tie,near_tie_n1440_m6_g37_s14,3,26619.746355030304,compressed,1440,8.07688189930822e-14,1,26619.746355032454,1.313093790988205,14,tolerance,12,26619.746355032454
primary,first,near_tie,near_tie_n1440_m6_g37_s14,3,26619.746355030304,compressed,1440,8.07688189930822e-14,2,26619.746355032454,1.3214300840045325,14,tolerance,12,26619.746355032454
primary,second,near_tie,near_tie_n1440_m6_g37_s14,3,26619.746355030304,compressed,1440,8.07688189930822e-14,3,26619.746355032454,1.3204504999739584,14,tolerance,12,26619.746355032454
primary,first,near_tie,near_tie_n1440_m6_g37_s14,3,26619.746355030304,compressed,1440,8.07688189930822e-14,4,26619.746355032454,1.313419874990359,14,tolerance,12,26619.746355032454
primary,second,near_tie,near_tie_n1440_m6_g37_s14,3,26619.746355030304,clique,1440,0.0,0,26642.566276513182,1.5269202920026146,14,exact,12,26619.746355030304
primary,first,near_tie,near_tie_n1440_m6_g37_s14,3,26619.746355030304,clique,1440,0.0,1,26642.566276513182,1.5312158750020899,14,exact,12,26619.746355030304
primary,second,near_tie,near_tie_n1440_m6_g37_s14,3,26619.746355030304,clique,1440,0.0,2,26642.566276513182,1.5356219169916585,14,exact,12,26619.746355030304
primary,first,near_tie,near_tie_n1440_m6_g37_s14,3,26619.746355030304,clique,1440,0.0,3,26642.566276513182,1.5306807919987477,14,exact,12,26619.746355030304
primary,second,near_tie,near_tie_n1440_m6_g37_s14,3,26619.746355030304,clique,1440,0.0,4,26642.566276513182,1.5253159170097206,14,exact,12,26619.746355030304
primary,second,near_tie,near_tie_n1440_m6_g37_s15,3,26625.27294191061,compressed,1440,4.41881797336059e-13,0,26625.272941922376,1.3234061659895815,15,tolerance,12,26625.272941922376
primary,first,near_tie,near_tie_n1440_m6_g37_s15,3,26625.27294191061,compressed,1440,4.41881797336059e-13,1,26625.272941922376,1.307376207987545,15,tolerance,12,26625.272941922376
primary,second,near_tie,near_tie_n1440_m6_g37_s15,3,26625.27294191061,compressed,1440,4.41881797336059e-13,2,26625.272941922376,1.3128322919947095,15,tolerance,12,26625.272941922376
primary,first,near_tie,near_tie_n1440_m6_g37_s15,3,26625.27294191061,compressed,1440,4.41881797336059e-13,3,26625.272941922376,1.3166992499900516,15,tolerance,12,26625.272941922376
primary,second,near_tie,near_tie_n1440_m6_g37_s15,3,26625.27294191061,compressed,1440,4.41881797336059e-13,4,26625.272941922376,1.3144289159972686,15,tolerance,12,26625.272941922376
primary,first,near_tie,near_tie_n1440_m6_g37_s15,4,26625.27294191061,clique,1440,0.0,0,26642.059683392028,1.5842007499886677,15,exact,12,26625.27294191061
primary,second,near_tie,near_tie_n1440_m6_g37_s15,4,26625.27294191061,clique,1440,0.0,1,26642.059683392028,1.5874417499871925,15,exact,12,26625.27294191061
primary,first,near_tie,near_tie_n1440_m6_g37_s15,4,26625.27294191061,clique,1440,0.0,2,26642.059683392028,1.5771095840027556,15,exact,12,26625.27294191061
primary,second,near_tie,near_tie_n1440_m6_g37_s15,4,26625.27294191061,clique,1440,0.0,3,26642.059683392028,1.5746987919847015,15,exact,12,26625.27294191061
primary,first,near_tie,near_tie_n1440_m6_g37_s15,4,26625.27294191061,clique,1440,0.0,4,26642.059683392028,1.583797457977198,15,exact,12,26625.27294191061
primary,second,many_breakpoints,many_breakpoints_n360_m6_g18_s11,7,8438.852736549517,compressed,360,1.3514945593061539e-13,0,8438.852736550658,0.7505749160191044,11,tolerance,24,8438.852736550658
primary,first,many_breakpoints,many_breakpoints_n360_m6_g18_s11,7,8438.852736549517,compressed,360,1.3514945593061539e-13,1,8438.852736550658,0.7132467080082279,11,tolerance,24,8438.852736550658
primary,second,many_breakpoints,many_breakpoints_n360_m6_g18_s11,7,8438.852736549517,compressed,360,1.3514945593061539e-13,2,8438.852736550658,0.707213083980605,11,tolerance,24,8438.852736550658
primary,first,many_breakpoints,many_breakpoints_n360_m6_g18_s11,7,8438.852736549517,compressed,360,1.3514945593061539e-13,3,8438.852736550658,0.70648470899323,11,tolerance,24,8438.852736550658
primary,second,many_breakpoints,many_breakpoints_n360_m6_g18_s11,7,8438.852736549517,compressed,360,1.3514945593061539e-13,4,8438.852736550658,0.7116905419970863,11,tolerance,24,8438.852736550658
primary,first,many_breakpoints,many_breakpoints_n360_m6_g18_s11,7,8438.852736549517,clique,360,2.1554937150018402e-16,0,8441.152159429244,0.7484332080057357,11,tolerance,24,8438.85273654952
primary,second,many_breakpoints,many_breakpoints_n360_m6_g18_s11,7,8438.852736549517,clique,360,2.1554937150018402e-16,1,8441.152159429244,0.7569179580023047,11,tolerance,24,8438.85273654952
primary,first,many_breakpoints,many_breakpoints_n360_m6_g18_s11,7,8438.852736549517,clique,360,2.1554937150018402e-16,2,8441.152159429244,0.7478470000205562,11,tolerance,24,8438.85273654952
primary,second,many_breakpoints,many_breakpoints_n360_m6_g18_s11,7,8438.852736549517,clique,360,2.1554937150018402e-16,3,8441.152159429244,0.7520598749979399,11,tolerance,24,8438.85273654952
primary,first,many_breakpoints,many_breakpoints_n360_m6_g18_s11,7,8438.852736549517,clique,360,2.1554937150018402e-16,4,8441.152159429244,0.7670605409948621,11,tolerance,24,8438.85273654952
primary,first,many_breakpoints,many_breakpoints_n360_m6_g18_s12,7,8425.323721735258,compressed,360,3.173663720854273e-14,0,8425.323721735525,0.7155514580081217,12,tolerance,24,8425.323721735525
primary,second,many_breakpoints,many_breakpoints_n360_m6_g18_s12,7,8425.323721735258,compressed,360,3.173663720854273e-14,1,8425.323721735525,0.7205259169859346,12,tolerance,24,8425.323721735525
primary,first,many_breakpoints,many_breakpoints_n360_m6_g18_s12,7,8425.323721735258,compressed,360,3.173663720854273e-14,2,8425.323721735525,0.7285112919926178,12,tolerance,24,8425.323721735525
primary,second,many_breakpoints,many_breakpoints_n360_m6_g18_s12,7,8425.323721735258,compressed,360,3.173663720854273e-14,3,8425.323721735525,0.7091850000142585,12,tolerance,24,8425.323721735525
primary,first,many_breakpoints,many_breakpoints_n360_m6_g18_s12,7,8425.323721735258,compressed,360,3.173663720854273e-14,4,8425.323721735525,0.706947124999715,12,tolerance,24,8425.323721735525
primary,second,many_breakpoints,many_breakpoints_n360_m6_g18_s12,7,8425.323721735258,clique,360,0.0,0,8428.460898233889,0.766437791986391,12,exact,24,8425.323721735258
primary,first,many_breakpoints,many_breakpoints_n360_m6_g18_s12,7,8425.323721735258,clique,360,0.0,1,8428.460898233889,0.7522860000026412,12,exact,24,8425.323721735258
primary,second,many_breakpoints,many_breakpoints_n360_m6_g18_s12,7,8425.323721735258,clique,360,0.0,2,8428.460898233889,0.7581655000103638,12,exact,24,8425.323721735258
primary,first,many_breakpoints,many_breakpoints_n360_m6_g18_s12,7,8425.323721735258,clique,360,0.0,3,8428.460898233889,0.7507792499964125,12,exact,24,8425.323721735258
primary,second,many_breakpoints,many_breakpoints_n360_m6_g18_s12,7,8425.323721735258,clique,360,0.0,4,8428.460898233889,0.7481582500040531,12,exact,24,8425.323721735258
primary,second,many_breakpoints,many_breakpoints_n360_m6_g18_s13,7,8441.022470983422,compressed,360,2.6548856526233224e-13,0,8441.022470985663,0.7057992499903776,13,tolerance,24,8441.022470985663
primary,first,many_breakpoints,many_breakpoints_n360_m6_g18_s13,7,8441.022470983422,compressed,360,2.6548856526233224e-13,1,8441.022470985663,0.7024793750024401,13,tolerance,24,8441.022470985663
primary,second,many_breakpoints,many_breakpoints_n360_m6_g18_s13,7,8441.022470983422,compressed,360,2.6548856526233224e-13,2,8441.022470985663,0.7040627080132253,13,tolerance,24,8441.022470985663
primary,first,many_breakpoints,many_breakpoints_n360_m6_g18_s13,7,8441.022470983422,compressed,360,2.6548856526233224e-13,3,8441.022470985663,0.7096462920017075,13,tolerance,24,8441.022470985663
primary,second,many_breakpoints,many_breakpoints_n360_m6_g18_s13,7,8441.022470983422,compressed,360,2.6548856526233224e-13,4,8441.022470985663,0.7062132910068613,13,tolerance,24,8441.022470985663
primary,first,many_breakpoints,many_breakpoints_n360_m6_g18_s13,7,8441.022470983422,clique,360,8.619758612413384e-16,0,8443.364294545463,0.757311249995837,13,tolerance,24,8441.02247098343
primary,second,many_breakpoints,many_breakpoints_n360_m6_g18_s13,7,8441.022470983422,clique,360,8.619758612413384e-16,1,8443.364294545463,0.7516893330030143,13,tolerance,24,8441.02247098343
primary,first,many_breakpoints,many_breakpoints_n360_m6_g18_s13,7,8441.022470983422,clique,360,8.619758612413384e-16,2,8443.364294545463,0.7514961249835324,13,tolerance,24,8441.02247098343
primary,second,many_breakpoints,many_breakpoints_n360_m6_g18_s13,7,8441.022470983422,clique,360,8.619758612413384e-16,3,8443.364294545463,0.7544239170092624,13,tolerance,24,8441.02247098343
primary,first,many_breakpoints,many_breakpoints_n360_m6_g18_s13,7,8441.022470983422,clique,360,8.619758612413384e-16,4,8443.364294545463,0.7527974170225207,13,tolerance,24,8441.02247098343
primary,first,many_breakpoints,many_breakpoints_n360_m6_g18_s14,7,8444.381677444757,compressed,360,1.8934384384679157e-13,0,8444.381677446356,0.832818374998169,14,tolerance,24,8444.381677446356
primary,second,many_breakpoints,many_breakpoints_n360_m6_g18_s14,7,8444.381677444757,compressed,360,1.8934384384679157e-13,1,8444.381677446356,0.7074011249933392,14,tolerance,24,8444.381677446356
primary,first,many_breakpoints,many_breakpoints_n360_m6_g18_s14,7,8444.381677444757,compressed,360,1.8934384384679157e-13,2,8444.381677446356,0.7090366249904037,14,tolerance,24,8444.381677446356
primary,second,many_breakpoints,many_breakpoints_n360_m6_g18_s14,7,8444.381677444757,compressed,360,1.8934384384679157e-13,3,8444.381677446356,0.7093994579918217,14,tolerance,24,8444.381677446356
primary,first,many_breakpoints,many_breakpoints_n360_m6_g18_s14,7,8444.381677444757,compressed,360,1.8934384384679157e-13,4,8444.381677446356,0.707844250020571,14,tolerance,24,8444.381677446356
primary,second,many_breakpoints,many_breakpoints_n360_m6_g18_s14,7,8444.381677444757,clique,360,1.0770412050443206e-15,0,8447.466934077447,0.7772923329903278,14,tolerance,24,8444.381677444766
primary,first,many_breakpoints,many_breakpoints_n360_m6_g18_s14,7,8444.381677444757,clique,360,1.0770412050443206e-15,1,8447.466934077447,0.7493978750135284,14,tolerance,24,8444.381677444766
primary,second,many_breakpoints,many_breakpoints_n360_m6_g18_s14,7,8444.381677444757,clique,360,1.0770412050443206e-15,2,8447.466934077447,0.7494225419941358,14,tolerance,24,8444.381677444766
primary,first,many_breakpoints,many_breakpoints_n360_m6_g18_s14,7,8444.381677444757,clique,360,1.0770412050443206e-15,3,8447.466934077447,0.7564780000247993,14,tolerance,24,8444.381677444766
primary,second,many_breakpoints,many_breakpoints_n360_m6_g18_s14,7,8444.381677444757,clique,360,1.0770412050443206e-15,4,8447.466934077447,0.7704176669940352,14,tolerance,24,8444.381677444766
primary,second,many_breakpoints,many_breakpoints_n360_m6_g18_s15,7,8462.02154727748,compressed,360,4.019737087203628e-14,0,8462.02154727782,0.703862083988497,15,tolerance,24,8462.02154727782
primary,first,many_breakpoints,many_breakpoints_n360_m6_g18_s15,7,8462.02154727748,compressed,360,4.019737087203628e-14,1,8462.02154727782,0.7131822920055129,15,tolerance,24,8462.02154727782
primary,second,many_breakpoints,many_breakpoints_n360_m6_g18_s15,7,8462.02154727748,compressed,360,4.019737087203628e-14,2,8462.02154727782,0.7005659169808496,15,tolerance,24,8462.02154727782
primary,first,many_breakpoints,many_breakpoints_n360_m6_g18_s15,7,8462.02154727748,compressed,360,4.019737087203628e-14,3,8462.02154727782,0.7015222499903757,15,tolerance,24,8462.02154727782
primary,second,many_breakpoints,many_breakpoints_n360_m6_g18_s15,7,8462.02154727748,compressed,360,4.019737087203628e-14,4,8462.02154727782,0.729340374993626,15,tolerance,24,8462.02154727782
primary,first,many_breakpoints,many_breakpoints_n360_m6_g18_s15,7,8462.02154727748,clique,360,0.0,0,8464.37699997719,0.7535632500075735,15,exact,24,8462.02154727748
primary,second,many_breakpoints,many_breakpoints_n360_m6_g18_s15,7,8462.02154727748,clique,360,0.0,1,8464.37699997719,0.7511895420029759,15,exact,24,8462.02154727748
primary,first,many_breakpoints,many_breakpoints_n360_m6_g18_s15,7,8462.02154727748,clique,360,0.0,2,8464.37699997719,0.7526372909778729,15,exact,24,8462.02154727748
primary,second,many_breakpoints,many_breakpoints_n360_m6_g18_s15,7,8462.02154727748,clique,360,0.0,3,8464.37699997719,0.7787172500102315,15,exact,24,8462.02154727748
primary,first,many_breakpoints,many_breakpoints_n360_m6_g18_s15,7,8462.02154727748,clique,360,0.0,4,8464.37699997719,0.7910625830118079,15,exact,24,8462.02154727748
primary,second,many_breakpoints,many_breakpoints_n720_m6_g26_s11,7,16724.88514814317,compressed,720,7.693892295153838e-07,0,16724.898016089668,1.4526483340014238,11,tolerance,24,16724.898016089668
primary,first,many_breakpoints,many_breakpoints_n720_m6_g26_s11,7,16724.88514814317,compressed,720,7.693892295153838e-07,1,16724.898016089668,1.4468745829944964,11,tolerance,24,16724.898016089668
primary,second,many_breakpoints,many_breakpoints_n720_m6_g26_s11,7,16724.88514814317,compressed,720,7.693892295153838e-07,2,16724.898016089668,1.4424350839981344,11,tolerance,24,16724.898016089668
primary,first,many_breakpoints,many_breakpoints_n720_m6_g26_s11,7,16724.88514814317,compressed,720,7.693892295153838e-07,3,16724.898016089668,1.4431099999928847,11,tolerance,24,16724.898016089668
primary,second,many_breakpoints,many_breakpoints_n720_m6_g26_s11,7,16724.88514814317,compressed,720,7.693892295153838e-07,4,16724.898016089668,1.459006999997655,11,tolerance,24,16724.898016089668
primary,first,many_breakpoints,many_breakpoints_n720_m6_g26_s11,7,16724.88514814317,clique,720,7.693890731192867e-07,0,16750.367449519636,1.6252968750195578,11,tolerance,24,16724.898016087052
primary,second,many_breakpoints,many_breakpoints_n720_m6_g26_s11,7,16724.88514814317,clique,720,7.693890731192867e-07,1,16750.367449519636,1.5865154579805676,11,tolerance,24,16724.898016087052
primary,first,many_breakpoints,many_breakpoints_n720_m6_g26_s11,7,16724.88514814317,clique,720,7.693890731192867e-07,2,16750.367449519636,1.5820815000042785,11,tolerance,24,16724.898016087052
primary,second,many_breakpoints,many_breakpoints_n720_m6_g26_s11,7,16724.88514814317,clique,720,7.693890731192867e-07,3,16750.367449519636,1.5746272079995833,11,tolerance,24,16724.898016087052
primary,first,many_breakpoints,many_breakpoints_n720_m6_g26_s11,7,16724.88514814317,clique,720,7.693890731192867e-07,4,16750.367449519636,1.5753837079973891,11,tolerance,24,16724.898016087052
primary,first,many_breakpoints,many_breakpoints_n720_m6_g26_s12,7,16673.297042364153,compressed,720,7.786025408359764e-07,0,16673.310024235594,1.5505116249842104,12,tolerance,24,16673.310024235594
primary,second,many_breakpoints,many_breakpoints_n720_m6_g26_s12,7,16673.297042364153,compressed,720,7.786025408359764e-07,1,16673.310024235594,1.452084290998755,12,tolerance,24,16673.310024235594
primary,first,many_breakpoints,many_breakpoints_n720_m6_g26_s12,7,16673.297042364153,compressed,720,7.786025408359764e-07,2,16673.310024235594,1.598574166011531,12,tolerance,24,16673.310024235594
primary,second,many_breakpoints,many_breakpoints_n720_m6_g26_s12,7,16673.297042364153,compressed,720,7.786025408359764e-07,3,16673.310024235594,1.467216124990955,12,tolerance,24,16673.310024235594
primary,first,many_breakpoints,many_breakpoints_n720_m6_g26_s12,7,16673.297042364153,compressed,720,7.786025408359764e-07,4,16673.310024235594,1.4432799999776762,12,tolerance,24,16673.310024235594
primary,second,many_breakpoints,many_breakpoints_n720_m6_g26_s12,7,16673.297042364153,clique,720,7.786023577729498e-07,0,16700.956971301068,1.5967890830070246,12,tolerance,24,16673.31002423254
primary,first,many_breakpoints,many_breakpoints_n720_m6_g26_s12,7,16673.297042364153,clique,720,7.786023577729498e-07,1,16700.956971301068,1.5818089579988737,12,tolerance,24,16673.31002423254
primary,second,many_breakpoints,many_breakpoints_n720_m6_g26_s12,7,16673.297042364153,clique,720,7.786023577729498e-07,2,16700.956971301068,1.5914601250260603,12,tolerance,24,16673.31002423254
primary,first,many_breakpoints,many_breakpoints_n720_m6_g26_s12,7,16673.297042364153,clique,720,7.786023577729498e-07,3,16700.956971301068,1.6653547909809276,12,tolerance,24,16673.31002423254
primary,second,many_breakpoints,many_breakpoints_n720_m6_g26_s12,7,16673.297042364153,clique,720,7.786023577729498e-07,4,16700.956971301068,1.5767964590049814,12,tolerance,24,16673.31002423254
primary,second,many_breakpoints,many_breakpoints_n720_m6_g26_s13,7,16699.587507591274,compressed,720,7.752849537524405e-07,0,16699.600454530202,1.4344035839894786,13,tolerance,24,16699.600454530202
primary,first,many_breakpoints,many_breakpoints_n720_m6_g26_s13,7,16699.587507591274,compressed,720,7.752849537524405e-07,1,16699.600454530202,1.4270669579855166,13,tolerance,24,16699.600454530202
primary,second,many_breakpoints,many_breakpoints_n720_m6_g26_s13,7,16699.587507591274,compressed,720,7.752849537524405e-07,2,16699.600454530202,1.4221644579956774,13,tolerance,24,16699.600454530202
primary,first,many_breakpoints,many_breakpoints_n720_m6_g26_s13,7,16699.587507591274,compressed,720,7.752849537524405e-07,3,16699.600454530202,1.420513542019762,13,tolerance,24,16699.600454530202
primary,second,many_breakpoints,many_breakpoints_n720_m6_g26_s13,7,16699.587507591274,compressed,720,7.752849537524405e-07,4,16699.600454530202,1.4219270420144312,13,tolerance,24,16699.600454530202
primary,first,many_breakpoints,many_breakpoints_n720_m6_g26_s13,7,16699.587507591274,clique,720,7.752848509279847e-07,0,16726.319341256836,1.585653124988312,13,tolerance,24,16699.600454528485
primary,second,many_breakpoints,many_breakpoints_n720_m6_g26_s13,7,16699.587507591274,clique,720,7.752848509279847e-07,1,16726.319341256836,1.5834613330080174,13,tolerance,24,16699.600454528485
primary,first,many_breakpoints,many_breakpoints_n720_m6_g26_s13,7,16699.587507591274,clique,720,7.752848509279847e-07,2,16726.319341256836,1.5720461659948342,13,tolerance,24,16699.600454528485
primary,second,many_breakpoints,many_breakpoints_n720_m6_g26_s13,7,16699.587507591274,clique,720,7.752848509279847e-07,3,16726.319341256836,1.5736413749982603,13,tolerance,24,16699.600454528485
primary,first,many_breakpoints,many_breakpoints_n720_m6_g26_s13,7,16699.587507591274,clique,720,7.752848509279847e-07,4,16726.319341256836,1.580257374997018,13,tolerance,24,16699.600454528485
primary,first,many_breakpoints,many_breakpoints_n720_m6_g26_s14,7,16679.650890628953,compressed,720,7.863411416029782e-07,0,16679.664006524676,1.4819565420038998,14,tolerance,24,16679.664006524676
primary,second,many_breakpoints,many_breakpoints_n720_m6_g26_s14,7,16679.650890628953,compressed,720,7.863411416029782e-07,1,16679.664006524676,1.4425361669855192,14,tolerance,24,16679.664006524676
primary,first,many_breakpoints,many_breakpoints_n720_m6_g26_s14,7,16679.650890628953,compressed,720,7.863411416029782e-07,2,16679.664006524676,1.4374499580007978,14,tolerance,24,16679.664006524676
primary,second,many_breakpoints,many_breakpoints_n720_m6_g26_s14,7,16679.650890628953,compressed,720,7.863411416029782e-07,3,16679.664006524676,1.4331958749971818,14,tolerance,24,16679.664006524676
primary,first,many_breakpoints,many_breakpoints_n720_m6_g26_s14,7,16679.650890628953,compressed,720,7.863411416029782e-07,4,16679.664006524676,1.4456676249974407,14,tolerance,24,16679.664006524676
primary,second,many_breakpoints,many_breakpoints_n720_m6_g26_s14,7,16679.650890628953,clique,720,7.863411306975377e-07,0,16707.846314543425,1.5638909169938415,14,tolerance,24,16679.664006524494
primary,first,many_breakpoints,many_breakpoints_n720_m6_g26_s14,7,16679.650890628953,clique,720,7.863411306975377e-07,1,16707.846314543425,1.5767944999970496,14,tolerance,24,16679.664006524494
primary,second,many_breakpoints,many_breakpoints_n720_m6_g26_s14,7,16679.650890628953,clique,720,7.863411306975377e-07,2,16707.846314543425,1.5740517920057755,14,tolerance,24,16679.664006524494
primary,first,many_breakpoints,many_breakpoints_n720_m6_g26_s14,7,16679.650890628953,clique,720,7.863411306975377e-07,3,16707.846314543425,1.567558790993644,14,tolerance,24,16679.664006524494
primary,second,many_breakpoints,many_breakpoints_n720_m6_g26_s14,7,16679.650890628953,clique,720,7.863411306975377e-07,4,16707.846314543425,1.5869449170131702,14,tolerance,24,16679.664006524494
primary,second,many_breakpoints,many_breakpoints_n720_m6_g26_s15,7,16686.13850224955,compressed,720,7.924106528929776e-07,0,16686.151724523454,1.489463165984489,15,tolerance,24,16686.151724523454
primary,first,many_breakpoints,many_breakpoints_n720_m6_g26_s15,7,16686.13850224955,compressed,720,7.924106528929776e-07,1,16686.151724523454,1.4551333750132471,15,tolerance,24,16686.151724523454
primary,second,many_breakpoints,many_breakpoints_n720_m6_g26_s15,7,16686.13850224955,compressed,720,7.924106528929776e-07,2,16686.151724523454,1.440283375006402,15,tolerance,24,16686.151724523454
primary,first,many_breakpoints,many_breakpoints_n720_m6_g26_s15,7,16686.13850224955,compressed,720,7.924106528929776e-07,3,16686.151724523454,1.4400559159985278,15,tolerance,24,16686.151724523454
primary,second,many_breakpoints,many_breakpoints_n720_m6_g26_s15,7,16686.13850224955,compressed,720,7.924106528929776e-07,4,16686.151724523454,1.4484361670038197,15,tolerance,24,16686.151724523454
primary,first,many_breakpoints,many_breakpoints_n720_m6_g26_s15,7,16686.13850224955,clique,720,7.924105484594774e-07,0,16714.76366963374,1.5860406249994412,15,tolerance,24,16686.15172452171
primary,second,many_breakpoints,many_breakpoints_n720_m6_g26_s15,7,16686.13850224955,clique,720,7.924105484594774e-07,1,16714.76366963374,1.5781085829949006,15,tolerance,24,16686.15172452171
primary,first,many_breakpoints,many_breakpoints_n720_m6_g26_s15,7,16686.13850224955,clique,720,7.924105484594774e-07,2,16714.76366963374,1.5809491660038475,15,tolerance,24,16686.15172452171
primary,second,many_breakpoints,many_breakpoints_n720_m6_g26_s15,7,16686.13850224955,clique,720,7.924105484594774e-07,3,16714.76366963374,1.5820877920195926,15,tolerance,24,16686.15172452171
primary,first,many_breakpoints,many_breakpoints_n720_m6_g26_s15,7,16686.13850224955,clique,720,7.924105484594774e-07,4,16714.76366963374,1.5730955420003738,15,tolerance,24,16686.15172452171
primary,second,many_breakpoints,many_breakpoints_n1440_m6_g37_s11,8,32888.02010478352,compressed,1440,2.0721808889803198e-07,0,32888.026919776195,3.314193416998023,11,tolerance,27,32888.026919776195
primary,first,many_breakpoints,many_breakpoints_n1440_m6_g37_s11,8,32888.02010478352,compressed,1440,2.0721808889803198e-07,1,32888.026919776195,3.313763917016331,11,tolerance,27,32888.026919776195
primary,second,many_breakpoints,many_breakpoints_n1440_m6_g37_s11,8,32888.02010478352,compressed,1440,2.0721808889803198e-07,2,32888.026919776195,3.451967709028395,11,tolerance,27,32888.026919776195
primary,first,many_breakpoints,many_breakpoints_n1440_m6_g37_s11,8,32888.02010478352,compressed,1440,2.0721808889803198e-07,3,32888.026919776195,3.303079749981407,11,tolerance,27,32888.026919776195
primary,second,many_breakpoints,many_breakpoints_n1440_m6_g37_s11,8,32888.02010478352,compressed,1440,2.0721808889803198e-07,4,32888.026919776195,3.329612500005169,11,tolerance,27,32888.026919776195
primary,first,many_breakpoints,many_breakpoints_n1440_m6_g37_s11,8,32888.02010478352,clique,1440,2.0721808557951772e-07,0,33037.40991377305,4.03549275000114,11,tolerance,27,32888.026919776086
primary,second,many_breakpoints,many_breakpoints_n1440_m6_g37_s11,8,32888.02010478352,clique,1440,2.0721808557951772e-07,1,33037.40991377305,3.966564083006233,11,tolerance,27,32888.026919776086
primary,first,many_breakpoints,many_breakpoints_n1440_m6_g37_s11,8,32888.02010478352,clique,1440,2.0721808557951772e-07,2,33037.40991377305,4.006015040999046,11,tolerance,27,32888.026919776086
primary,second,many_breakpoints,many_breakpoints_n1440_m6_g37_s11,8,32888.02010478352,clique,1440,2.0721808557951772e-07,3,33037.40991377305,4.011973208020208,11,tolerance,27,32888.026919776086
primary,first,many_breakpoints,many_breakpoints_n1440_m6_g37_s11,8,32888.02010478352,clique,1440,2.0721808557951772e-07,4,33037.40991377305,3.9650592080142815,11,tolerance,27,32888.026919776086
primary,first,many_breakpoints,many_breakpoints_n1440_m6_g37_s12,8,32907.739109744885,compressed,1440,2.0787603762670332e-07,0,32907.7459504753,3.321946582989767,12,tolerance,27,32907.7459504753
primary,second,many_breakpoints,many_breakpoints_n1440_m6_g37_s12,8,32907.739109744885,compressed,1440,2.0787603762670332e-07,1,32907.7459504753,3.4370765830099117,12,tolerance,27,32907.7459504753
primary,first,many_breakpoints,many_breakpoints_n1440_m6_g37_s12,8,32907.739109744885,compressed,1440,2.0787603762670332e-07,2,32907.7459504753,3.344509749993449,12,tolerance,27,32907.7459504753
primary,second,many_breakpoints,many_breakpoints_n1440_m6_g37_s12,8,32907.739109744885,compressed,1440,2.0787603762670332e-07,3,32907.7459504753,3.3317970409989357,12,tolerance,27,32907.7459504753
primary,first,many_breakpoints,many_breakpoints_n1440_m6_g37_s12,8,32907.739109744885,compressed,1440,2.0787603762670332e-07,4,32907.7459504753,3.331330540997442,12,tolerance,27,32907.7459504753
primary,second,many_breakpoints,many_breakpoints_n1440_m6_g37_s12,8,32907.739109744885,clique,1440,2.0787600822017497e-07,0,33059.28078411112,4.026515207980992,12,tolerance,27,32907.74595047433
primary,first,many_breakpoints,many_breakpoints_n1440_m6_g37_s12,8,32907.739109744885,clique,1440,2.0787600822017497e-07,1,33059.28078411112,4.0672263329906855,12,tolerance,27,32907.74595047433
primary,second,many_breakpoints,many_breakpoints_n1440_m6_g37_s12,8,32907.739109744885,clique,1440,2.0787600822017497e-07,2,33059.28078411112,4.074812999984715,12,tolerance,27,32907.74595047433
primary,first,many_breakpoints,many_breakpoints_n1440_m6_g37_s12,8,32907.739109744885,clique,1440,2.0787600822017497e-07,3,33059.28078411112,4.011694792017806,12,tolerance,27,32907.74595047433
primary,second,many_breakpoints,many_breakpoints_n1440_m6_g37_s12,8,32907.739109744885,clique,1440,2.0787600822017497e-07,4,33059.28078411112,4.008446249994449,12,tolerance,27,32907.74595047433
primary,second,many_breakpoints,many_breakpoints_n1440_m6_g37_s13,8,32909.48651422363,compressed,1440,2.0653666176544653e-07,0,32909.493311239115,3.346240957995178,13,tolerance,27,32909.493311239115
primary,first,many_breakpoints,many_breakpoints_n1440_m6_g37_s13,8,32909.48651422363,compressed,1440,2.0653666176544653e-07,1,32909.493311239115,3.335318291996373,13,tolerance,27,32909.493311239115
primary,second,many_breakpoints,many_breakpoints_n1440_m6_g37_s13,8,32909.48651422363,compressed,1440,2.0653666176544653e-07,2,32909.493311239115,3.3841038750251755,13,tolerance,27,32909.493311239115
primary,first,many_breakpoints,many_breakpoints_n1440_m6_g37_s13,8,32909.48651422363,compressed,1440,2.0653666176544653e-07,3,32909.493311239115,3.344594624999445,13,tolerance,27,32909.493311239115
primary,second,many_breakpoints,many_breakpoints_n1440_m6_g37_s13,8,32909.48651422363,compressed,1440,2.0653666176544653e-07,4,32909.493311239115,3.3321005000034347,13,tolerance,27,32909.493311239115
primary,first,many_breakpoints,many_breakpoints_n1440_m6_g37_s13,8,32909.48651422363,clique,1440,2.0653660649295228e-07,0,33057.573374305066,4.004799792019185,13,tolerance,27,32909.4933112373
primary,second,many_breakpoints,many_breakpoints_n1440_m6_g37_s13,8,32909.48651422363,clique,1440,2.0653660649295228e-07,1,33057.573374305066,4.042136667005252,13,tolerance,27,32909.4933112373
primary,first,many_breakpoints,many_breakpoints_n1440_m6_g37_s13,8,32909.48651422363,clique,1440,2.0653660649295228e-07,2,33057.573374305066,3.9985865420021582,13,tolerance,27,32909.4933112373
primary,second,many_breakpoints,many_breakpoints_n1440_m6_g37_s13,8,32909.48651422363,clique,1440,2.0653660649295228e-07,3,33057.573374305066,4.002800874994136,13,tolerance,27,32909.4933112373
primary,first,many_breakpoints,many_breakpoints_n1440_m6_g37_s13,8,32909.48651422363,clique,1440,2.0653660649295228e-07,4,33057.573374305066,4.0413558750005905,13,tolerance,27,32909.4933112373
primary,first,many_breakpoints,many_breakpoints_n1440_m6_g37_s14,8,32864.018597835886,compressed,1440,2.0719510756784405e-07,0,32864.025407099754,3.277188541018404,14,tolerance,27,32864.025407099754
primary,second,many_breakpoints,many_breakpoints_n1440_m6_g37_s14,8,32864.018597835886,compressed,1440,2.0719510756784405e-07,1,32864.025407099754,3.287383499991847,14,tolerance,27,32864.025407099754
primary,first,many_breakpoints,many_breakpoints_n1440_m6_g37_s14,8,32864.018597835886,compressed,1440,2.0719510756784405e-07,2,32864.025407099754,3.303579915984301,14,tolerance,27,32864.025407099754
primary,second,many_breakpoints,many_breakpoints_n1440_m6_g37_s14,8,32864.018597835886,compressed,1440,2.0719510756784405e-07,3,32864.025407099754,3.290763375000097,14,tolerance,27,32864.025407099754
primary,first,many_breakpoints,many_breakpoints_n1440_m6_g37_s14,8,32864.018597835886,compressed,1440,2.0719510756784405e-07,4,32864.025407099754,3.2867186670191586,14,tolerance,27,32864.025407099754
primary,second,many_breakpoints,many_breakpoints_n1440_m6_g37_s14,8,32864.018597835886,clique,1440,2.0719505244027526e-07,0,33012.10019356814,3.9232000420161057,14,tolerance,27,32864.02540709794
primary,first,many_breakpoints,many_breakpoints_n1440_m6_g37_s14,8,32864.018597835886,clique,1440,2.0719505244027526e-07,1,33012.10019356814,3.9356228340184316,14,tolerance,27,32864.02540709794
primary,second,many_breakpoints,many_breakpoints_n1440_m6_g37_s14,8,32864.018597835886,clique,1440,2.0719505244027526e-07,2,33012.10019356814,3.9176694999914616,14,tolerance,27,32864.02540709794
primary,first,many_breakpoints,many_breakpoints_n1440_m6_g37_s14,8,32864.018597835886,clique,1440,2.0719505244027526e-07,3,33012.10019356814,3.93075987501652,14,tolerance,27,32864.02540709794
primary,second,many_breakpoints,many_breakpoints_n1440_m6_g37_s14,8,32864.018597835886,clique,1440,2.0719505244027526e-07,4,33012.10019356814,3.916134458006127,14,tolerance,27,32864.02540709794
primary,second,many_breakpoints,many_breakpoints_n1440_m6_g37_s15,8,32890.658385763105,compressed,1440,2.0571970791293292e-07,0,32890.66515201974,3.31166012500762,15,tolerance,27,32890.66515201974
primary,first,many_breakpoints,many_breakpoints_n1440_m6_g37_s15,8,32890.658385763105,compressed,1440,2.0571970791293292e-07,1,32890.66515201974,3.3163998749805614,15,tolerance,27,32890.66515201974
primary,second,many_breakpoints,many_breakpoints_n1440_m6_g37_s15,8,32890.658385763105,compressed,1440,2.0571970791293292e-07,2,32890.66515201974,3.3207119170110673,15,tolerance,27,32890.66515201974
primary,first,many_breakpoints,many_breakpoints_n1440_m6_g37_s15,8,32890.658385763105,compressed,1440,2.0571970791293292e-07,3,32890.66515201974,3.3092283330042847,15,tolerance,27,32890.66515201974
primary,second,many_breakpoints,many_breakpoints_n1440_m6_g37_s15,8,32890.658385763105,compressed,1440,2.0571970791293292e-07,4,32890.66515201974,3.3541989579971414,15,tolerance,27,32890.66515201974
primary,first,many_breakpoints,many_breakpoints_n1440_m6_g37_s15,8,32890.658385763105,clique,1440,2.0571966344840856e-07,0,33034.71735088647,4.028339167009108,15,tolerance,27,32890.66515201828
primary,second,many_breakpoints,many_breakpoints_n1440_m6_g37_s15,8,32890.658385763105,clique,1440,2.0571966344840856e-07,1,33034.71735088647,4.021132207999472,15,tolerance,27,32890.66515201828
primary,first,many_breakpoints,many_breakpoints_n1440_m6_g37_s15,8,32890.658385763105,clique,1440,2.0571966344840856e-07,2,33034.71735088647,4.03596437498345,15,tolerance,27,32890.66515201828
primary,second,many_breakpoints,many_breakpoints_n1440_m6_g37_s15,8,32890.658385763105,clique,1440,2.0571966344840856e-07,3,33034.71735088647,4.022508708003443,15,tolerance,27,32890.66515201828
primary,first,many_breakpoints,many_breakpoints_n1440_m6_g37_s15,8,32890.658385763105,clique,1440,2.0571966344840856e-07,4,33034.71735088647,4.040771166997729,15,tolerance,27,32890.66515201828
